date,Amplitude,Phase Mod
3.44905972,170.259155,0.0
3.500782,170.488388,0.006898483405669419
3.551464,171.011292,0.013658218977383115
3.602189,172.899048,0.020423689694307898
3.65596843,177.649521,0.02759654644813548
3.707439,183.1615,0.034461457914245354
3.76081061,185.810715,0.041579921483888095
3.81188059,185.68718,0.048391404070461407
3.86832714,183.488861,0.05591998920789714
3.92228532,177.424362,0.06311668682699136
3.97344828,168.380234,0.06994057066476744
4.0240550000000015,162.970383,0.07669026573109793
4.07453728,161.796875,0.0834233635539386
4.12387848,163.081879,0.09000426929544526
4.17392445,165.836029,0.0966791740669602
4.22554636,168.352768,0.10356427057670338
4.27699947,169.181534,0.11042685330710664
4.3286690000000005,168.570419,0.11731830115673245
4.38105726,167.240219,0.12430560995792787
4.43243456,166.020447,0.13115808149394867
4.484074,165.382523,0.13804551607568133
4.53452444,165.168915,0.1447743672235566
4.586572,165.6701,0.15171623500211515
4.63704967,166.618652,0.158448717964039
4.68860435,166.654251,0.16532484764093264
4.74008369,166.107681,0.17219092880991455
4.7920537,165.5844,0.1791224533207729
4.842934,165.4249,0.18590863724819207
4.89398766,165.558075,0.1927179431470947
4.94565,165.98181200000005,0.1996084320270909
4.99695539,165.838211,0.20645131253306248
5.04831076,165.334991,0.21330085914502567
5.099623,164.94546499999996,0.22014465327296687
5.15155745,164.26799,0.2270714349521112
5.20203733,164.13326999999995,0.2338042126738237
5.254179,163.838028,0.2407586324178661
5.305519,163.08873,0.2476061290488552
5.358706,163.037567,0.2546999701729769
5.40990543,162.629517,0.26152871821414475
5.460794,162.282928,0.2683160051567012
5.51279068,161.900589,0.27525108679134497
5.5648675,161.665878,0.2821968571361564
5.616396,161.5781,0.28906949504324475
5.669159,161.234756,0.29610678496807663
5.71952057,160.96958899999996,0.3028237830379309
5.769685,160.875778,0.3095144874676247
5.82131624,161.021683,0.3164008283705033
5.8731246,160.83432,0.3233107927366323
5.92383051,160.566544,0.3300737173158343
5.9749370000000015,160.213776,0.33689006944081823
6.0258584000000015,159.78143300000005,0.3436817351000555
6.07626534,159.528275,0.3504047844149846
6.127274,159.855331,0.3572080884177361
6.17806768,159.814178,0.3639827193619421
6.22853231,159.537781,0.3707134631077369
6.27859449,159.421,0.3773905298956208
6.329378599999999,159.3296,0.3841638844365785
6.38007,159.15296899999996,0.39092487373771057
6.43082952,159.223755,0.3976949485758605
6.48232555,159.3049,0.4045632557814372
6.53355265,159.184814,0.41139569432186057
6.58582973,159.453491,0.4183681744382989
6.635860000000001,159.693222,0.42504098521493455
6.68697929,159.369858,0.4318590445459346
6.738617999999999,158.985245,0.4387463817635741
6.789795,158.765228,0.4455721381929493
6.84078836,158.755737,0.4523734015510096
6.891699000000001,158.943344,0.4591636320901895
6.9430995,158.858429,0.4660191979371147
6.99334955,158.80641200000005,0.4727213219745519
7.044675,158.719971,0.4795668779924521
7.09499264,158.794373,0.4862780168779082
7.14584064,158.896835,0.4930598927776458
7.197875,158.969223,0.5
7.250717999999999,158.983078,0.5151333515091251
7.302155,158.960281,0.5298640481307191
7.35452175,158.96563700000004,0.5448610096041496
7.404747,159.162827,0.5592446812897788
7.45721674,159.34686299999996,0.5742711373769125
7.51006,159.31131000000005,0.5894045633456899
7.560841,159.24723799999995,0.6039473925375392
7.612147999999999,158.98735,0.6186408593331163
7.66310072,159.116119,0.6332328662613007
7.71371841,159.671387,0.6477289262001751
7.76453543,159.838379,0.6622820709176636
7.815824,160.185944,0.676970259669445
7.86665773,160.59223899999995,0.6915281898514931
7.916933,160.878128,0.7059261864286402
7.96831131,161.09004199999995,0.7206400752157038
8.019179,161.642868,0.7352077309738404
8.07262,161.936325,0.7505123396826416
8.124808999999999,162.59697,0.7654583965285762
8.175849000000001,163.194366,0.780075398989182
8.227039999999999,163.404556,0.7947356453246208
8.277659,163.4798,0.8092320804255884
8.328838000000001,163.83201599999995,0.8238888901617036
8.380721000000001,163.901184,0.8387473137248616
8.432858,164.266052,0.8536784786403895
8.484008,164.655075,0.86832698326147
8.533704,165.151047,0.8825590865977209
8.584881,165.513916,0.8972153235672815
8.635931,165.795654,0.9118351898606571
8.686916,165.75730900000005,0.9264364412410246
8.738577000000001,165.975723,0.941231287716678
8.79084,166.24801599999995,0.956198536925114
8.842366,166.8933,0.9709547216583654
8.892448,167.468765,0.9852973689395572
8.943787,167.93383799999995,0.0
8.995101,168.03093,0.010439433545276657
9.046755,168.2934,0.020948037441829825
9.098367,168.2601,0.031448096765577915
9.149299,167.186371,0.04180981538677386
9.20105648,166.490829,0.05233947148317997
9.250818,166.35188300000004,0.0624630650668403
9.301503,165.966431,0.07277453346225604
9.353604,165.372345,0.08337407602651625
9.404027,164.894913,0.0936322425630074
9.455082,164.22976699999995,0.10401898457598824
9.505751,163.45503200000005,0.1143271978960494
9.556372,163.25608799999995,0.1246256459900481
9.607029,163.028625,0.13493141800359365
9.657061,162.48251299999995,0.14511003863611682
9.708156,162.2878,0.15550491833748306
9.759125,162.00882,0.1658741643204351
9.810168,161.60716200000005,0.17625846502690054
9.859613,161.274689,0.18631766508236747
9.909886,161.1841,0.1965453152874126
9.961594,160.586716,0.2070649050632858
10.013711,160.30867,0.2176677027029006
10.0643482,160.261749,0.2279694465606954
10.1155586,160.14828500000004,0.2383878034930537
10.1676407,159.941483,0.248983500999552
10.217762,159.890244,0.25918028902139545
10.2692356,159.647659,0.26965219194333034
10.3215075,159.437057,0.28028650278121736
10.3730135,159.471481,0.29076499723074445
10.42485,159.4554,0.3013107293305561
10.475989300000002,159.283936,0.31171462152180984
10.526906,159.507019,0.3220732274771978
10.5777369,159.675781,0.3324143780909994
10.6288919,159.410461,0.3428214643249439
10.68041,158.9735,0.3533024204252071
10.7316265,158.646652,0.363722018355044
10.7859554,158.596527,0.3747748098181536
10.83766,158.7605,0.38529370789051454
10.888773,158.813766,0.3956922495516539
10.9414711,158.64871200000005,0.4064132674592882
10.9934835,158.579208,0.41699478504377496
11.043931,158.584976,0.42725793591440203
11.0949783,158.66081200000005,0.4376431114223687
11.1458168,158.66798400000005,0.4479858081969632
11.1969023,158.623886,0.458378755197338
11.2476549,158.589325,0.4687039762861249
11.298625,158.53424099999995,0.4790734460555075
11.350176800000002,158.589233,0.4895612581582362
11.4014874,158.61135900000005,0.5
11.454813,158.477554,0.5135584773791457
11.5052843,158.4119,0.5263912252403251
11.55604,158.1503,0.5392962841672326
11.6068573,157.82045,0.5522170054065487
11.6568165,158.12571699999995,0.5649195475829185
11.7079487,158.29806499999995,0.5779203347666719
11.7587481,158.323822,0.5908365047820903
11.8097677,158.463882,0.6038086624792016
11.860117,158.593521,0.6166103908255463
11.9108353,158.593262,0.6295059404913492
11.9628525,158.893112,0.6427317462868112
12.0146809,159.18606599999995,0.6559095481117759
12.0660286,159.457245,0.6689651279631261
12.1187134,159.874557,0.6823606766118961
12.1694288,160.300888,0.6952554889285758
12.2191391,160.608276,0.7078947462095169
12.2705154,160.896072,0.7209575978487714
12.3210449,161.079285,0.7338051435440762
12.371892,161.196854,0.7467334416812779
12.4234552,161.473236,0.7598438142002253
12.47702,162.027573,0.7734631101691123
12.5282288,162.4427,0.7864833735400489
12.5793219,162.800186,0.7994742192235562
12.6309395,162.9589,0.8125984233950199
12.6823978,163.201553,0.8256821242163761
12.7337236,163.269379,0.8387321358105551
12.785462400000002,163.916275,0.8518871560901993
12.8453093,164.3994,0.8671037282405734
12.8963509,164.924454,0.8800814796206873
12.9478216,165.368439,0.8931683332451903
12.9990606,165.715118,0.90619627521734
13.0509605,165.39656100000005,0.9193922565120642
13.1029091,165.577087,0.9326006201868902
13.159977,165.9405,0.9471106084706667
13.2118168,166.506073,0.9602913088404604
13.2624245,166.92361499999996,0.9731587375362574
13.3167353,166.827652,0.9869677102106074
13.3679914,167.144592,0.0
13.419020000000002,167.104782,0.013149441224895142
13.4689293,167.475357,0.026010452636645358
13.5229626,167.599182,0.03993416801463079
13.5750494,167.507034,0.05335629433580902
13.6260662,167.130814,0.06650269484615334
13.675677300000002,166.694946,0.0792868637936146
13.7274532,166.277176,0.09262887501704632
13.7785625,165.892929,0.10579911163720633
13.8288345,165.16185,0.11875358636819833
13.8797531,164.399292,0.1318746819489882
13.9308834,163.421387,0.14505033001029632
13.9810743,162.6556,0.1579839062709536
14.0327387,162.4082,0.17129718531877014
14.0832634,162.578232,0.1843167777249
14.1349049,162.46011399999998,0.19762415572499048
14.1857452,161.934326,0.21072507436093169
14.235727300000002,161.5082,0.2236048454353261
14.286671599999998,161.316452,0.2367325635893289
14.3379793,161.04316699999995,0.2499539254439469
14.389583600000002,160.81805400000005,0.2632517174625764
14.4398451,160.556168,0.2762034864729941
14.4907522,160.539917,0.2893216186455372
14.5421314,160.483627,0.3025614051688228
14.5929842,160.444626,0.3156655449006851
14.6438484,160.27621499999995,0.3287726222720275
14.6950607,160.037125,0.3419694007225762
14.7458954,159.743317,0.35506887630754536
14.7971172,159.375168,0.368268102790994
14.8480673,159.595581,0.3813973155335053
14.8998785,159.576233,0.3947484231318179
14.9519434,159.440811,0.4081649060929422
15.00242,159.31166100000004,0.4211721037219682
15.0523682,159.361145,0.4340431391842241
15.1031895,159.14621,0.4471391617543654
15.1537828,159.19693,0.4601764315349097
15.2049656,159.238,0.4733656081990851
15.256426800000002,159.27742,0.4866265251116118
15.308324800000005,159.600052,0.5
15.3600941,159.611557,0.5174325027735116
15.4119215,159.312881,0.5348845698140927
15.4630251,158.876114,0.5520929085155329
15.5151062,158.803085,0.5696304050665315
15.567625,158.91433700000005,0.5873152902525693
15.619065300000004,159.01544199999995,0.6046370074173826
15.669854199999998,159.1153,0.6217393758116545
15.720973,159.154861,0.6389528328755647
15.77369,159.340179,0.6567044588143212
15.8242149,159.65213,0.6737179293341362
15.8761177,159.978668,0.6911953861464375
15.92681,160.231476,0.7082652260002842
15.9772072,160.508865,0.7252356955406727
16.027627900000002,160.7852,0.7422140783388276
16.077676800000006,161.0113,0.7590672632971187
16.1274853,161.44793700000002,0.7758394973121518
16.1812,161.833267,0.7939270831348001
16.2321262,161.835556,0.811075685158479
16.2827053,161.9826,0.8281074066813074
16.3337116,161.528748,0.8452829811282605
16.384794199999998,161.707214,0.8624842484078683
16.4363041,162.391983,0.8798294022850386
16.4859772,162.800629,0.8965560424659755
16.5368214,163.17424,0.9136770322710732
16.587541599999998,163.5576,0.9307562670139241
16.638279,163.538345,0.9478412935879912
16.6909389,163.654068,0.965573691994052
16.7424431,163.9327,0.982916926485296
16.7931747,164.25413500000005,0.0
16.8440075,164.185211,0.013130252941951692
16.8942852,164.2643,0.02611712201742256
16.9450665,164.2895,0.0392340723668263
16.9958611,164.291,0.052354458143043285
17.0482159,163.768829,0.0658778478977946
17.09892,163.434891,0.07897485727351361
17.15008,163.2824,0.0921896268811344
17.200811399999996,162.842,0.10529368792241732
17.2517643,162.4998,0.11845496302680035
17.303026199999998,162.203491,0.13169605368647286
17.3547573,161.68696599999996,0.14505834000486306
17.4061584,161.138275,0.15833538640983313
17.456281699999998,161.100433,0.17128237353793452
17.507101100000003,160.9303,0.1844091652227977
17.560485800000002,160.665359,0.1981985809982465
17.61205,160.48082,0.21151775658466665
17.66294,160.52711499999995,0.22466278444494486
17.713419000000005,160.3832,0.2377016498676019
17.7648449,160.332474,0.25098510218121683
17.8155422,160.23504599999995,0.26408035509811345
17.86628,160.154831,0.277186069277112
17.917279999999995,159.93045,0.29035951044186303
17.967886,159.6015,0.3034311803160477
18.0188313,159.24473600000005,0.3165904923193925
18.068861,159.37175,0.32951330230841513
18.1208954,159.3358,0.3429539318563197
18.1719952,159.184448,0.35615315163731065
18.222147,159.205063,0.36910750039429896
18.2735,159.094666,0.3823721224361316
18.3248615,158.80983,0.39563894005149214
18.3757248,158.81871,0.4087770712278664
18.4257336,158.8902,0.4216944826890394
18.4772968,158.803589,0.4350133999726915
18.5275383,158.76396200000005,0.4479909184879638
18.5783672,158.779144,0.4611201640491207
18.6277924,158.72972099999996,0.4738868300149264
18.6783257,158.58918799999995,0.4869397212778814
18.7288876,158.56483500000004,0.5
18.780887600000003,158.302658,0.5163185890696846
18.835252800000006,158.065,0.533379422886822
18.8868828,158.228226,0.5495818989188939
18.9378357,158.2883,0.5655718880921361
18.9891567,158.461777,0.5816773940468525
19.0413342,158.48963899999995,0.5980516859926883
19.0924587,158.54222099999996,0.6140955265098622
19.1437759,158.582657,0.6301998399522986
19.1947842,158.87673999999996,0.6462072146992828
19.2462788,159.120285,0.6623671996359692
19.2971973,159.372131,0.6783463934349059
19.3478546,159.699066,0.6942436177056694
19.3984814,160.087173,0.7101312704963036
19.4563255,160.452713,0.7282838493041064
19.5065765,160.634659,0.7440535689068115
19.557485600000003,160.569626,0.7600298128069549
19.609,160.47799999999995,0.7761960113602488
19.661012600000007,160.800568,0.7925185545495919
19.7123775,161.291458,0.8086378371593095
19.7631035,161.62158200000005,0.8245566207967858
19.8128262,161.772308,0.8401605498109235
19.8639736,162.072449,0.8562115767836689
19.9147949,162.269775,0.8721602673738049
19.9654484,162.4551,0.8880562991322898
20.0168953,162.778473,0.9042013149016964
20.0676422,163.383591,0.9201266573567012
20.11936,163.59388700000005,0.9363566866987804
20.1698475,164.082,0.95220062449985
20.22031,164.498459,0.9680367168254068
20.2706623,164.3376,0.9838382262948951
20.3221626,164.4324,0.0
20.3727531,164.522552,0.009415747739218716
20.4227524,164.896255,0.018721463158863468
20.47368,165.185349,0.028199950909802318
20.5243855,165.015472,0.03763710209413506
20.5757122,163.957642,0.04718986910546352
20.6269264,163.815674,0.05672169796396265
20.67762,163.555069,0.0661566343570188
20.7295532,163.04716499999995,0.07582228127670554
20.78072,162.54129,0.08534528819347997
20.8328724,161.782364,0.09505173194072204
20.8838539,161.46289099999996,0.10454025139332668
20.93477,161.1741,0.11401659879975412
20.9885178,161.02178999999995,0.12401997347163896
21.042799,160.814026,0.13412262290546728
21.0943241,160.73172,0.1437123155125395
21.1457615,160.531738,0.15328568566625034
21.1967945,160.263123,0.16278379013992786
21.2513733,159.754013,0.1729418279673718
21.3029213,159.351685,0.1825357826517741
21.3535652,159.678635,0.19196146903420264
21.4043465,159.593292,0.2014127278806184
21.4561348,159.451111,0.21105140645946285
21.50768,159.278641,0.2206448400165062
21.56001,159.032181,0.23038433812768044
21.6105232,158.8453,0.2397856990294445
21.6666584,158.988434,0.25023340922188364
21.7173042,158.995667,0.25965944922644896
21.7679081,158.866959,0.2690776909323169
21.8197422,159.126343,0.27872489366582354
21.87148280000001,159.238449,0.2883546944678689
21.9227562,159.05198700000003,0.2978975414476785
21.9728756,158.654648,0.3072256095086985
22.02406,158.397858,0.31675189208316024
22.0764351,158.3201,0.3264997840671562
22.12768,158.210373,0.3360373267149166
22.17773,158.175446,0.3453524782621029
22.2287312,158.10817,0.3548446642179144
22.2794857,158.10025,0.3642909351310335
22.3304958,158.109741,0.3737847775273808
22.38222,158.159378,0.3834115260120354
22.4337158,158.1781,0.3929957653935245
22.4848766,158.16304,0.4025176556088157
22.5356579,158.095718,0.4119689144552314
22.5867882,158.021866,0.4214851281046439
22.63865280000001,157.982361,0.4311380074040292
22.692152,158.209137,0.44109511341108654
22.7454834,158.209564,0.4510209889999688
22.7962475,158.088852,0.4604690466354642
22.848087300000003,157.953278,0.4701173102353815
22.90586,157.756851,0.4808697868745444
22.9568233,157.356186,0.4903549189993139
23.008646,157.479309,0.5
23.06099,157.461639,0.5141393703669008
23.1124363,157.352112,0.5280362504239609
23.16516,157.36171000000004,0.5422781868715632
23.2153072,157.371445,0.555824148847397
23.2671185,157.303162,0.5698196241624398
23.318531,157.424545,0.5837073740284859
23.36885830000001,157.5299,0.5973019853357258
23.4199333,157.61938500000005,0.6110985683536345
23.47073360000001,157.786667,0.6248209483102621
23.5228558,157.992737,0.6389004051751872
23.5738888,158.2903,0.6526856429853279
23.6269016,158.547928,0.6670056722797355
23.67811,158.65103100000005,0.6808382898385084
23.7287922,158.670456,0.6945287681513871
23.7796574,158.509323,0.7082686791552549
23.8314037,158.62837199999996,0.722246596410657
23.88262000000001,159.124435,0.7360813479489874
23.93405,159.319717,0.7499738249849353
23.9845982,159.573547,0.7636281066825541
24.0356426,159.819519,0.7774164239062324
24.0864487,160.042709,0.7911403705820268
24.1376019,160.19576999999995,0.8049580772963045
24.1886387,160.36084,0.8187443415776254
24.2397556,160.7723,0.8325522427909045
24.2920551,161.05955500000005,0.8466795926400499
24.3435173,161.70816000000005,0.8605807676686217
24.3929539,162.058578,0.8739347795339789
24.44443,162.155609,0.8878397092860739
24.4962559,162.19194,0.901839128411436
24.5481129,162.337952,0.9158469483930264
24.5987244,162.439774,0.929518328939496
24.6493874,162.911575,0.9432036208716807
24.70686,163.197388,0.9587283491566564
24.756813,163.149017,0.9722218530527628
24.8086529,163.386368,0.9862250539140476
24.8596478,163.6729,0.0
24.9114742,163.922867,0.023732338145246785
24.96308,164.113144,0.04736365916804442
25.0147457,164.048721,0.07102240959081918
25.0650234,163.553925,0.09404556723953393
25.11566,163.28595,0.11723307232816893
25.1680374,163.05838,0.14121772431960178
25.2194729,162.73056,0.16477106158921373
25.2710342,162.19,0.18838200517797432
25.3237782,161.745956,0.21253453059229788
25.37591,161.16124,0.23640671746463404
25.427091600000004,160.5555,0.2598437888802607
25.4830532,160.378983,0.2854697172555474
25.5337582,160.3049,0.3086885440630196
25.5848942,160.280685,0.33210473433275123
25.63582,160.0255,0.3554246698466468
25.6870823,160.001343,0.3788986953954607
25.74292,159.7569,0.4044678874993473
25.7938385,159.734344,0.4277844801982171
25.8447914,159.74041699999995,0.4511168253404794
25.89681430000001,159.706451,0.4749391447394045
25.9515419,159.773956,0.5
26.0028362,159.9537,0.5200179143167727
26.0539036,160.074615,0.5399472795207103
26.1047535,160.097427,0.559791764019308
26.1559639,160.038391,0.5797769358479048
26.2068367,159.88943500000005,0.5996303572115709
26.2575474,159.8124,0.6194205180587513
26.3084278,160.329468,0.6392769053689022
26.3599319,160.589813,0.6593766954189153
26.4106483,160.708176,0.6791690807259618
26.461834000000003,160.94757099999995,0.6991446132284818
26.5129929,161.194,0.7191096868670783
26.5642586,161.324814,0.7391164398589192
26.61489000000001,161.738113,0.7588756533960606
26.66640850000001,162.34063700000004,0.7789810631341529
26.71719550000001,162.89238,0.7988010005230226
26.7691669,163.595032,0.8190831572562773
26.8198147,163.8155,0.8388487709937298
26.8720856,163.888321,0.8592478094338807
26.92371,164.07841499999995,0.8793945472947087
26.9747429,164.501083,0.8993104486626278
27.025383,164.563629,0.9190730574279832
27.0774574,165.0615,0.9393954105412384
27.12889,165.43188500000005,0.9594672972789252
27.180640000000004,165.694473,0.9796630513079884
27.2327518,165.6361,0.0
27.282726300000004,165.38324,0.0047284361238615355
27.333913800000005,165.05508400000005,0.009571642640988642
27.38493,164.791061,0.0143986412699304
27.43702,164.65106200000002,0.019327239608922568
27.487040000000004,164.602,0.02405998080524352
27.5376282,164.451126,0.02884648336797202
27.588443800000004,164.284317,0.033654501831302135
27.6407948,164.11033600000005,0.03860779520132596
27.69184000000001,163.71234099999995,0.043437537722606834
27.74152,163.535,0.04813810914670125
27.7931957,162.847748,0.053027507672064544
27.8441639,162.400284,0.05784996468610526
27.895111100000005,162.733566,0.06267043474362666
27.94695,162.480347,0.06757527475965919
27.99864770000001,162.333038,0.07246675485852094
28.0498772,162.61758400000005,0.07731393528868669
28.1058273,162.422974,0.08260776462111874
28.15759000000001,161.389557,0.08750539482349406
28.2080269,161.1169,0.09227758183758183
28.2598057,160.904175,0.09717673537328864
28.310379,161.1678,0.1019618281430592
28.3621025,162.050644,0.10685574935993092
28.4166985,162.26353500000005,0.11202145784362384
28.470240000000004,162.572464,0.11708739272492785
28.5236988,163.055573,0.1221455027822218
28.5777512,162.5929,0.12725977747714354
28.639984100000003,,0.13314806635352386
28.7027645,159.21553,0.13908815802488486
28.75256730000001,158.70431499999995,0.1438003484137722
28.803894,157.96373,0.14865672561411536
28.8534813,157.70578,0.1533485260444305
28.9041767,157.8492,0.15814517154710828
28.9544373,158.12085,0.16290067758812832
29.0047226,158.24388100000004,0.16765852066848286
29.0558414,158.06044,0.17249522699927944
29.1093216,158.228851,0.17755536185988507
29.1622162,158.644638,0.18256008901868004
29.21281,158.90802,0.1873471214364804
29.2653484,158.72958400000005,0.1923181460280201
29.3182983,158.29363999999995,0.19732810550565014
29.36743,158.386185,0.2019767984411817
29.4175186,159.5562,0.20671603036213326
29.4658432,160.534973,0.2112883579354188
29.5156689,158.355118,0.2160027150530821
29.56473,159.02281200000004,0.22064472803002744
29.6132889,158.734726,0.2252392243610553
29.66323,158.12027,0.2299645002778803
29.714225800000005,158.008713,0.2347895687204904
29.766,158.564133,0.23968828701810185
29.8154163,159.449127,0.2443639079453259
29.8635521,159.793289,0.2489183718333283
29.9145889,159.796173,0.2537473195720006
29.9650288,159.995972,0.25851979043702045
30.015443800000003,159.87793,0.2632899053393105
30.0646038,159.469437,0.2679412759352937
30.11420630000001,159.54748500000005,0.27263451454366106
30.16255,159.689743,0.27720864930120914
30.2122326,160.363144,0.28190946672944417
30.2616425,160.97583,0.28658448210801435
30.320549,161.096436,0.29215803707165033
30.3695984,161.540527,0.29679894302996424
30.420293800000003,161.87884499999996,0.30159558853264196
30.46944430000001,161.991547,0.3062460602673438
30.5185,162.438354,0.3108875623126117
30.5665932,162.88826,0.3154379955173878
30.61571,163.0985,0.3200852786599597
30.668687800000004,163.676819,0.32509787795125256
30.7181683,163.916519,0.329779573288409
30.76751710000001,164.468018,0.3344488075696761
30.8181057,164.947845,0.3392353479791961
30.8687267,164.978455,0.3440249539787752
30.91655,165.082047,0.3485498500614224
30.9644375,165.582245,0.3530808205540019
31.0149212,165.862259,0.35785743564261985
31.0640488,166.35762,0.3625057406485457
31.11327,166.519485,0.3671629018035301
31.16279,166.865723,0.3718483345112835
31.2153187,166.978378,0.3768184413181439
31.2672062,166.841568,0.3817278797192651
31.31581,166.364136,0.3863266243525665
31.364975,165.99281299999996,0.3909784680334365
31.41353,165.462845,0.3955725953582537
31.4654465,164.80731200000002,0.4004847776517124
31.5153828,164.09854099999995,0.4052095994070468
31.565713899999995,163.350876,0.40997177594495415
31.6156044,162.97245800000005,0.41469226424273575
31.6643143,162.368484,0.4193010477373109
31.7133617,161.86248799999996,0.4239417644616701
31.762989,162.020966,0.42863734957107
31.812442800000003,161.57959,0.4333165186349373
31.8692474,161.118713,0.4386911981743316
31.919290000000004,161.054382,0.443426077714336
31.96764000000001,160.692322,0.44800080855883984
32.01746,160.442337,0.4527146263597333
32.0664635,160.375687,0.4573511893987954
32.1156654,160.27461200000005,0.4620065244461218
32.166523,160.053909,0.4668185168224914
32.21760560000001,159.928192,0.4716517980187174
32.26826,160.05429099999995,0.4764445642253321
32.317398100000005,159.796509,0.4810938627095176
32.36758,159.453125,0.4858419223944361
32.4181976,159.103378,0.4906312066962935
32.467490000000005,158.75114399999995,0.4952951045800509
32.5172157,158.964,0.1955767656514693
32.566,159.0398,0.2023726663822245
32.616271999999995,159.0509,0.20937581127794933
32.66482,158.80896,0.21613879421870494
32.71642,158.6921,0.22332693625839808
32.765525800000006,158.70164499999996,0.2301676235718242
32.81443,158.983887,0.2369802269814656
32.864357,159.22396899999995,0.2439353116251813
32.9128838,159.474579,0.2506953412982771
32.9621,159.801147,0.257551407892346
33.012188,160.468231,0.2645289206536665
33.061657000000004,160.866425,0.27142020357152674
33.11047360000001,161.057831,0.2782206038563109
33.15964,161.288116,0.2850697330574796
33.21078,161.38781699999996,0.29219379476115925
33.262,161.890152,0.2993290008711025
33.3125839,162.356583,0.3063755950207465
33.3623543,162.84256000000005,0.3133088644892021
33.4127846,163.066559,0.32033406137882103
33.4639778,163.63179,0.3274655341126653
33.513958,163.96900000000005,0.3344280297865465
33.5633469,164.61502099999996,0.34130815436763484
33.61145,164.855042,0.3480091604790596
33.6601448,165.376541,0.35479259340530866
33.7105446,165.96575900000005,0.3618135414900392
33.7615,166.310608,0.36891188747626735
33.8108635,167.06153899999995,0.3757884737083677
33.8618126,167.178375,0.3828859420726021
33.91105,167.474564,0.3897449619343307
33.96111679999999,166.935944,0.3967195214279897
34.0107574,166.29686,0.40363470909728427
34.06031420000001,166.08934,0.4105382230010193
34.11062620000001,165.83633400000005,0.4175469400998759
34.1602325,165.1846,0.4244573496049835
34.2085876,164.659256,0.4311934605961376
34.2575531,164.153366,0.4380146034070789
34.3075256,163.647446,0.4449760264318563
34.3563232,163.28538500000005,0.4517737799201536
34.4050941,163.055756,0.4585678139628602
34.45447,162.49414099999996,0.4654461275779314
34.502790000000005,162.1389,0.4721773489608374
34.552944200000006,162.345627,0.4791640837183406
34.60184,162.179047,0.4859755169653246
34.65217,162.083069,0.4929867415555904
34.7025146,162.0045,0.13362678852218934
34.75279620000001,161.828613,0.14211607374070567
34.801342,161.562653,0.15031229546715966
34.852417,162.215317,0.15893553423711815
34.9025,162.63551299999997,0.16739128885906673
34.9528847,163.01263400000005,0.1758979809482053
35.005203200000004,163.490829,0.18473116582507565
35.055748,163.77358999999996,0.1932648883699581
35.10608670000001,163.884323,0.2017638140570739
35.15648,164.169556,0.21027195812572155
35.205883,164.5836,0.2186129050655623
35.2597466,165.3684,0.2277069566330532
35.3184967,166.61293,0.2376260195808549
35.3684731,167.024979,0.2460637764102831
35.41714,167.454437,0.2542804440342437
35.467456799999994,167.289841,0.2627756722386536
35.5186,167.313614,0.2714104255437917
35.56862260000001,168.092773,0.2798559825422107
35.6195259,168.885483,0.2884502323724369
35.6702042,169.18635600000005,0.2970064943666753
35.7202263,169.584976,0.3054519669476789
35.7692451,169.864746,0.31372804754712824
35.82151,169.758423,0.3225521828772919
35.8717079,170.416473,0.3310273366208172
35.92246,170.479874,0.33959605862525954
35.9725,170.841522,0.348044553349661
36.02245,171.102142,0.3564778529396655
36.07291,171.127075,0.3649972582912504
36.124752,170.4204,0.3737499933732345
36.1743851,170.11135900000005,0.3821297892066813
36.22491,169.367538,0.390660151938512
36.27597,168.58992,0.3992808581860743
36.3244972,167.402145,0.4074739395847544
36.37358,166.758331,0.41576082561310734
36.42306,166.75824,0.4241147728345993
36.4716072,167.268509,0.4323112309298125
36.5201645,167.23898300000005,0.4405093942567735
36.57087,166.75247199999995,0.4490702485582947
36.6239471,166.153214,0.4580315115346441
36.67315670000001,165.68365500000004,0.4663398058190165
36.72361,165.04248,0.4748580799772615
36.7722855,164.846481,0.4830761995807293
36.822403,164.252869,0.4915377790041955
36.8725243,164.319778,0.22230828900901226
36.9223251,164.0301,0.2333703885502274
36.9726219,163.7782,0.24454266305594885
37.0241661,163.530319,0.25599201871233035
37.07382,162.956024,0.2670214878053869
37.1235237,162.721344,0.2780620188202825
37.1736755,165.00276200000005,0.28920208491904376
37.2242,166.958282,0.3004249377300443
37.2731133,167.207932,0.3112898996079512
37.3236847,166.9328,0.3225231701726532
37.3736,166.978668,0.3336107032490201
37.422657,167.834457,0.3445075847688628
37.4730148,169.314957,0.3556934090182029
37.5223846,169.98658799999995,0.3666597718463081
37.5727959,169.175613,0.3778574798871812
37.62183,166.91751100000005,0.3887492746999932
37.6702843,165.819748,0.39951228031034347
37.7188263,166.09583999999995,0.4102947664537311
37.7686119,166.9108,0.421353489665389
37.81958770000001,167.3654,0.43267658836647627
37.8708229,166.213333,0.4440573067969833
37.92072,164.925812,0.4551407971629597
37.9745,165.24752800000005,0.4670867842420119
38.02353,166.409943,0.4779776683343524
38.0738449,167.024811,0.4891539633377704
38.122673,167.4759,0.06801916862324653
38.1717567,167.43573,0.08127559562864839
38.22156,168.19044499999995,0.09472637075517554
38.2727165,168.648178,0.1085426154168836
38.3237267,167.709854,0.12231934766874986
38.3747635,167.022842,0.13610326399513006
38.42448,166.580566,0.14953059635218402
38.4734459,166.512527,0.16275520817044153
38.52256,166.2999,0.17601984554671898
38.5723,166.0383,0.189453524736523
38.6209946,166.443771,0.2026048643962728
38.6714859,167.47288500000005,0.2162414531794692
38.7215042,167.58805800000005,0.2297502950737069
38.77152,167.207962,0.2432584617729727
38.8223152,166.47335800000005,0.2569771272571284
38.8718,165.887375,0.270341882544054
38.9220924,166.140228,0.2839247528151709
38.97159,166.805679,0.2972929651003593
39.02112,167.656586,0.3106699279124037
39.07142,168.00885,0.3242548507762404
39.11975,167.2011,0.3373077200010748
39.1699562,164.84491,0.35086730954950873
39.21944000000001,161.7334,0.3642317947584459
39.2689934,160.339752,0.3776150773954381
39.319397,160.87704499999995,0.39122798033896794
39.3768425,161.8098,0.4067427454756398
39.4260864,161.61456299999998,0.4200424389749333
39.4744,161.040115,0.4330908789207424
39.5262756,161.468552,0.4471013366645824
39.57453,161.965729,0.4601337879934224
39.6231461,162.08021499999995,0.4732639265310077
39.67265,162.384323,0.4866338403075279
39.72214,162.63707,0.5
39.77402,162.647339,0.5398955824639664
39.82457,162.575974,0.578768398453823
39.8727722,162.9957,0.6158357624677908
39.922737100000006,163.639282,0.6542586381087752
39.9726753,164.0175,0.6926609815205307
40.0216179,164.5591,0.7302977111716711
40.0721474,164.8783,0.7691547627158695
40.1227531,164.797028,0.8080704118580648
40.17216,165.108322,0.846064186978321
40.2222176,164.43199199999995,0.8845583486735489
40.2726746,164.513779,0.9233596479099528
40.3227768,164.628067,0.961888106886942
40.3723373,164.280228,0.0
40.4229355,163.985489,0.015203852757288416
40.47333,163.783539,0.030346497313360032
40.5258141,163.763519,0.04611702923937066
40.57527,163.455765,0.0609776413081633
40.6244049,163.163757,0.07574179862688267
40.67408,162.839066,0.09066827636924124
40.723587,162.603149,0.1055442430727016
40.77263,162.777176,0.12028078608758365
40.8221359,163.142746,0.13515642226074753
40.8769951,163.09913600000004,0.15164062919266466
40.9266167,162.8742,0.16655103114334754
40.9808235,162.473892,0.1828392035614108
41.02871320000001,162.4073,0.19722920058483595
41.0786438,162.707092,0.2122324515005367
41.1280136,162.6936,0.2270671920616003
41.1794777,162.555557,0.2425312322584112
41.2291565,162.430374,0.2574588217844962
41.28008270000001,162.367371,0.27276123266646835
41.3294945,161.904053,0.2876085934752002
41.3785439,161.924622,0.3023470595754425
41.42823,161.60022,0.31727684262076394
41.48029,161.412766,0.3329199400934879
41.529377,161.25741599999995,0.34766970432021793
41.57821660000001,160.930542,0.3623451292785127
41.62733460000001,160.4729,0.3771042084499552
41.676136,160.492676,0.3917681549925067
41.73383,159.9592,0.409104168545932
41.7836761,159.5871,0.4240820287252465
41.83383,159.44570900000005,0.4391523772910784
41.8838425,159.483948,0.4541802376897444
41.9365044,159.32913200000004,0.4700041953309047
41.9863777,159.177246,0.4849902286229977
42.03633,159.1586,0.5
42.0942039,159.341263,0.526155935817739
42.14351,159.5105,0.5484396800793689
42.1929321,159.634811,0.5707758501936695
42.2440872,159.766922,0.5938952444689836
42.29312,160.07669099999995,0.616055471613933
42.34277,160.551743,0.6384946404508494
42.3926773,160.848434,0.6610500952523495
42.4422836,161.036682,0.6834695140051164
42.4916153,161.188751,0.7057648281100909
42.5418854,161.021851,0.7284842492852909
42.59166,161.51753200000005,0.750979730719127
42.64189,162.388947,0.7736810288193965
42.69079,162.823181,0.795781237401977
42.74141,162.985291,0.8186587948344979
42.792057,163.47688300000004,0.8415485548361765
42.8415756,163.837646,0.8639283378365334
42.89157,163.819717,0.8865231572222411
42.94191,164.41618300000005,0.9092741694931448
42.992588,164.682068,0.932177939852
43.04375,165.395172,0.9553004525616552
43.09337,166.11811799999995,0.9777260629883971
43.1426544,166.17259199999995,0.0
43.19145,166.556732,0.009756093269624344
43.2419243,166.742523,0.0198478224115739
43.2919846,166.055115,0.029856777233431938
43.3418045,165.408218,0.03981766696700007
43.39246370000001,164.87446599999996,0.049946364639836816
43.44206,164.184174,0.059862548243032165
43.49273,163.576813,0.06999340524595787
43.542614,163.252686,0.07996711100348186
43.5922546,163.178,0.08989215185880894
43.64246,162.50204499999995,0.09993011768029092
43.6922,162.26561,0.10987503236995802
43.7421074,161.98466499999995,0.11985341667601013
43.7907562,161.8179,0.12958015905145714
43.83966450000001,161.54255700000004,0.13935878533044033
43.89144,161.45877099999996,0.14971067376057334
43.9409,161.097,0.15959960581829158
43.9902229,160.803375,0.16946112638015265
44.0454979,160.442825,0.18051269774065304
44.09902570000001,160.201721,0.1912149374777989
44.14716,159.782608,0.2008388117670368
44.19766,159.7516,0.2109356793148489
44.24970250000001,159.517563,0.22134095118330602
44.29877000000001,159.57933,0.23115140758731026
44.34899,159.372345,0.2411922925031736
44.39949,159.13031,0.2512891600509857
44.4490776,158.97311399999995,0.2612036041938346
44.49858,159.02668799999995,0.27110101362153394
44.5477448,159.04806499999995,0.28093092399014097
44.5967255,159.01263400000005,0.29072402577824263
44.6509,159.0343,0.30155556540139017
44.7007751,159.0655,0.3115274917109723
44.7506866,158.927246,0.3215066957627073
44.80087279999999,158.7646,0.33154082277514085
44.85065460000001,158.687042,0.341494094872008
44.90022,158.357269,0.3514041003918944
44.9493523,158.215927,0.3612275127764361
44.9992027,158.3616,0.3711945006181274
45.04846,158.22392299999996,0.3810429052490747
45.09725,158.283279,0.39079787886606
45.146553,158.19061299999996,0.4006554206622948
45.19578,158.068344,0.4104977671727124
45.24523,157.836426,0.4203846998507181
45.29469,157.92334,0.4302736319084364
45.34441,157.95606999999995,0.4402145478386768
45.3938637,157.855774,0.4501022202871781
45.4469,157.879944,0.4607061905114556
45.49679570000001,157.948929,0.4706822355432454
45.5458221,157.97335800000005,0.4804844744966328
45.593635600000006,157.87278700000005,0.49004420868469895
45.64343,157.754532,0.5
45.69234470000001,157.501923,0.5139457861828021
45.742775,157.158478,0.52832367628403
45.79187,157.3403,0.5423208667532471
45.842514,157.422363,0.5567596836210154
45.892,157.389877,0.5708683498306009
45.94586,157.586853,0.5862240617905172
45.9991264,157.595673,0.6014105359000901
46.04889,157.624191,0.6155983470343003
46.09759520000001,157.912567,0.6294844038881848
46.1482277,158.261383,0.6439199420577033
46.1977768,158.515991,0.6580465983420165
46.246685,158.886459,0.6719905313475483
46.29719,159.294174,0.6863897187321673
46.34668350000001,159.760208,0.7005005232232211
46.39609,159.91832,0.7145865236492792
46.44659,160.2801,0.7289842855129205
46.4966125,160.2356,0.7432459101232975
46.54596,160.387177,0.7573150894018337
46.5943451,161.006775,0.7711098844027937
46.6452065,161.501343,0.7856106829226235
46.6959648,161.656219,0.8000820871999164
46.7467346,162.1534,0.8145567701754572
46.79891,162.617615,0.8294321956079358
46.8490753,162.58078,0.8437345330974041
46.90012,162.951874,0.8582875912162375
46.9485779,163.543671,0.8721031418026151
46.99943,164.0914,0.8866012888534289
47.0476,164.28466799999995,0.9003347579419785
47.0966454,164.95825200000004,0.9143178072431066
47.1493568,165.107834,0.9293460485242786
47.1991119,165.21106,0.9435314362728259
47.249588,165.4885,0.9579223841462008
47.29773,165.348083,0.9716478703172786
47.34761,165.94229099999995,0.9858688675798212
47.3971748,166.480331,0.0
47.44553,166.5173,0.012437352449319759
47.49572,166.082,0.025346630446955842
47.54528,166.323532,0.0380938672981781
47.5940857,166.13093600000005,0.05064709202759232
47.64333,165.488617,0.06331312825988887
47.692173,164.603241,0.07587594685400134
47.74189000000001,163.81544499999995,0.08866356538774589
47.7949,163.42929099999995,0.10229817042170987
47.84550479999999,163.020782,0.11531413836780935
47.8962173,162.855942,0.12835780763370153
47.94540410000001,162.35728500000005,0.14100905439628875
47.9947472,162.26263400000005,0.15370050279567238
48.0448341,161.87587,0.16658326263109655
48.0935631,161.52127099999996,0.17911675949395267
48.1445,160.922775,0.192218146272948
48.193924,160.564453,0.20493040281319885
48.2449722,160.59964,0.21806041686139466
48.293766,160.697464,0.23061058081359675
48.3436279,160.337616,0.24343546881101474
48.39255,160.08522,0.2560186325712888
48.4432259,159.788208,0.26905288801819793
48.49214,159.374527,0.28163399411312184
48.5436668,159.535248,0.29488710799095763
48.59386,159.467438,0.3077972090547352
48.6437035,159.351624,0.3206173644218442
48.6928,159.278168,0.3332453852867765
48.7441063,159.280823,0.3464417847633676
48.79349000000001,159.14918500000005,0.3591436758144137
48.8423653,158.908554,0.3717148022323809
48.8915,158.777344,0.3843526484493669
48.9407921,158.42205800000005,0.3970309792321381
48.98941420000001,158.309052,0.4095369805417395
49.0408821,158.4634,0.4227749448584248
49.0898972,158.31835900000004,0.4353820289784096
49.14003,158.450958,0.44827659466878345
49.1911964,158.313385,0.461437010722543
49.2407379,158.157364,0.4741794892226423
49.2906876,157.979828,0.487026960097289
49.3411255,158.141418,0.5
49.3896523,158.19801299999997,0.5160961056266036
49.43948,158.1957,0.5326237135119527
49.4908,158.2204,0.5496463101133653
49.54108,158.328522,0.5663239437283103
49.5934029,158.45668,0.5836791974250364
49.6443138,158.5268,0.6005660975285974
49.6940231,158.603134,0.6170544327047196
49.745533,158.47554,0.6341400182206787
49.79475,158.26548799999995,0.6504650598600321
49.8450241,158.676559,0.6671407364734208
49.896595,158.959045,0.6842465553953154
49.94609000000001,159.168137,0.7006638082945162
50.0004272,159.36123700000005,0.7186871955908956
50.0497971,159.613754,0.7350629534231619
50.1004944,159.746,0.7518790034364251
50.149086,160.2398,0.7679966029106495
50.19864000000001,160.715973,0.7844334258254282
50.2472725,161.15962199999996,0.8005645916324848
50.2961922,161.398148,0.8167910202950335
50.34616,161.60386699999995,0.8333650986750012
50.39608,162.196426,0.8499233220254006
50.4457741,162.712524,0.8664066154347978
50.498558,162.9239,0.8839147806091798
50.5484238,163.299454,0.9004550260808575
50.5986977,163.6434,0.9171306363552104
50.648937200000006,164.140945,0.9337948363153964
50.69793320000001,164.87423700000005,0.950046573320126
50.75011,165.037781,0.9673533663511548
50.79998,165.5258,0.9838950049425892
50.8485336,165.736313,0.0
50.89907,165.458649,0.012073489258559887
50.9478722,165.384338,0.02373266635653337
50.9957237,165.124023,0.03516471476631189
51.0446548,164.686768,0.04685468694991535
51.0935478,164.12313799999995,0.058535556784702784
51.1436,163.545853,0.07049336737404666
51.1935463,163.195862,0.08242587773400167
51.2457466,162.767044,0.0948968840055926
51.2966576,162.137726,0.1070598677488448
51.3457451,161.814072,0.11878720495488793
51.3966064,161.127548,0.13093831503052478
51.4448853,160.682968,0.14247247220367146
51.49459,160.85994,0.15434726268241405
51.54327,160.828751,0.16597724537027148
51.5930862,160.528412,0.17787867395644594
51.6436539,160.159134,0.1899596409976283
51.69271,159.874146,0.20167947653036933
51.7418442,159.489075,0.2134179706836523
51.7912064,159.58918799999995,0.2252109355857588
51.8411751,159.4795,0.2371487974578788
51.8903465,159.331436,0.24889617894386265
51.9391441,159.203873,0.2605542570705897
51.9892769,159.131622,0.27253132354745624
52.0405,159.26548799999995,0.2847688701008337
52.08981,159.078339,0.2965493640683405
52.13807,159.115509,0.3080790059030996
52.1889229,159.00604199999995,0.3202281091616737
52.2398033,158.644623,0.33238378235705746
52.2914,158.3678,0.34471058448833597
52.3415833,158.478622,0.3566997157582517
52.3938675,158.35472099999996,0.3691907663097833
52.4428673,158.28651399999995,0.38089715139007296
52.4938469,158.107376,0.3930765241393335
52.54431,157.916153,0.4051325015299572
52.5926628,157.7371,0.4166843139151162
52.642480000000006,158.046249,0.4285859814080837
52.6917152,158.07574499999996,0.4403486051474648
52.741787,158.012436,0.4523110983099538
52.7916527,157.9947,0.4642243527823844
52.84102629999999,158.016,0.4760200412219309
52.8920975,158.100571,0.488221297833439
52.9414,158.046509,0.5
52.9908752,157.947464,0.5154825119827411
53.041553500000006,157.862091,0.5313415158273997
53.0919075,157.523865,0.5470990349153251
53.14341,157.51760900000005,0.5632159596249
53.1927719,157.678787,0.5786630160944259
53.2481537,157.664856,0.5959939087866406
53.29784770000001,157.74136399999998,0.6115448909043568
53.3478851,157.77281200000004,0.627203334833542
53.39663,157.724777,0.6424573105293998
53.44609000000001,157.887222,0.6579350659031321
53.4955063,158.294479,0.6733991460259556
53.54472,158.69941699999995,0.6887998255576235
53.5934448,159.016922,0.7040475112639317
53.6422272,159.457947,0.7193132220149145
53.6910439,159.913269,0.7345896664296525
53.73965450000001,160.12837199999996,0.7498016149814184
53.78907,160.34666399999998,0.7652654447563982
53.84074,160.30336,0.7814347860455388
53.89066999999999,160.717056,0.7970596207768423
53.94443,161.28416399999998,0.8138829958049865
53.9946671,161.269638,0.8296039328143987
54.04424,161.508957,0.8451170185274322
54.09211,162.246033,0.8600972075638342
54.1412163,162.668808,0.8754642778976223
54.19025,163.050934,0.8908086291646864
54.239456200000006,163.08255,0.9062069616853295
54.29194,162.881866,0.9226309693174332
54.3415451,163.3665,0.93815413153113
54.3916931,163.956223,0.9538471860495684
54.44079,164.491943,0.9692113147962048
54.48943000000001,164.633331,0.9844324636311904
54.5391769,164.976456,0.0
54.58795550000001,165.379456,0.012143627940032431
54.640274,165.196274,0.02516852817046633
54.68961329999999,165.10762,0.03745174462238055
54.7382126,164.519867,0.049550735108905286
54.7885246,164.231873,0.06207610912371386
54.83753000000001,163.84285,0.07427619983259602
54.8871651,163.157562,0.08663305687986878
54.9356,162.68061799999995,0.09869111932759013
54.98481999999999,162.046173,0.11094463556643497
55.034668,161.298126,0.12335449492186255
55.08468249999999,160.890518,0.13580580511949947
55.1356468,160.78833,0.14849357183326362
55.1941833,160.45639,0.1630664680810341
55.2447929,160.365768,0.17566593080841209
55.2958374,159.999588,0.1883736636335609
55.3464432,159.805115,0.20097218033571096
55.3965454,159.671219,0.21344532379978887
55.44661,159.419724,0.2259091065931944
55.4989929,159.3845,0.2389500394616988
55.54815,159.15200000000004,0.2511878964934873
55.59758000000001,158.62416100000004,0.2634936930738672
55.64589,158.720581,0.2755206611660785
55.6957855,158.68956,0.28794234583685
55.7441559,158.451782,0.2999843507511031
55.7945938,158.32782,0.3125410680754257
55.84318,158.144775,0.3246367972644553
55.89214000000001,157.961823,0.33682558546140484
55.9425659,157.822647,0.34937931533764305
55.99339000000001,158.02063,0.3620321786995859
56.042530000000006,157.90872199999995,0.3742657786178487
56.0925941,157.8087,0.38672943693424777
56.1415749,157.84021,0.3989234033745497
56.19291,157.922272,0.4117034822342181
56.24595,157.78823899999998,0.42490800278091534
56.29691,157.649673,0.4375946989924469
56.3477554,157.52131699999995,0.4502528650747433
56.3978844,157.189682,0.4627326805062193
56.4473419,157.01474,0.4750453233217957
56.4987221,157.082367,0.4878366300071928
56.54758,156.989471,0.5
56.5978127,157.041977,0.5148388743787073
56.64762,156.917709,0.5295520844558617
56.69756999999999,156.83757,0.5443074484959478
56.74769000000001,156.724457,0.5591130309922328
56.7972221,156.929825,0.5737449462508906
56.84653470000001,157.056259,0.5883120206205259
56.89623639999999,157.12266499999996,0.6029940361742998
56.94565,157.221848,0.6175909462149693
56.99826,157.48056,0.6331320813931267
57.04777530000001,157.747543,0.6477590338867056
57.09764000000001,157.971756,0.6624892000778928
57.1473,158.127151,0.6771588973397691
57.1975365,158.186752,0.6919988942486732
57.247715,158.156372,0.7068217578019382
57.2972527,158.61308300000005,0.7214553273156259
57.3472481,159.048279,0.7362241026375447
57.3961563,159.2222,0.7506717161619747
57.44664,159.609528,0.7655847366142403
57.49684,159.718872,0.7804139513251993
57.5468941,159.977875,0.795200066784636
57.5968475,160.280212,0.8099564351938486
57.64653000000001,160.82693500000005,0.8246327790161061
57.69727,161.121658,0.8396215111761459
57.7460556,161.581726,0.8540329083315825
57.79482270000001,161.70294199999995,0.8684388405373777
57.84407,162.1457,0.8829866251117782
57.8925476,162.565536,0.8973070382407045
57.9425049,162.66629,0.9120645587203828
57.9926643,163.047073,0.9268817800823896
58.04272,163.173157,0.9416683681861217
58.09173199999999,163.372559,0.9561466445090988
58.14095,163.616165,0.9706857737848776
58.191173600000006,164.06616200000005,0.9855219599991702
58.2401848,164.428635,0.0
58.28906,164.7099,0.010383049799514764
58.338497200000006,164.503052,0.02088549090561287
58.38847,164.422775,0.03150171490103658
58.44147,164.492233,0.04276103740763304
58.4899521,164.455856,0.05306057702456002
58.5425262,164.019363,0.06422942131500875
58.5918579,163.42215,0.07470944999611717
58.64056779999999,162.749771,0.08505738345581193
58.68980790000001,162.314789,0.09551795262859032
58.73979,161.82261699999995,0.10613615231645568
58.7914124,161.277481,0.1171028174138975
58.84118270000001,160.960327,0.12767602229974884
58.8906937,160.192368,0.1381941414813319
58.9395752,160.004959,0.14857852965314675
58.98919300000001,159.902573,0.15911933743178608
59.0405121,159.59518400000005,0.17002156946288238
59.09044,159.52607700000004,0.1806282549001849
59.14015,159.1778,0.1911886496511812
59.188343,158.900452,0.2014267728504322
59.23715210000001,158.548721,0.21179578036282365
59.2869835,158.429245,0.2223819653355612
59.338974,158.582291,0.2334268296144124
59.3905869,158.407425,0.2443914765314048
59.4408226,158.22583,0.2550635510152688
59.4905853,158.376572,0.26563514135675703
59.5415726,158.371185,0.2764668857801631
59.59069,158.256821,0.2869013885591336
59.63931,158.154,0.29723022365858043
59.6889,157.99761999999996,0.3077651256039005
59.7377052,157.60907,0.3181333046001065
59.78812410000001,157.46356200000002,0.3288442981006341
59.8389359,157.575592,0.33963875929573817
59.88945770000001,157.526535,0.3503716128771295
59.9396553,157.3262,0.36103559339518654
59.98942,157.187943,0.3716076086167704
60.0438843,157.1351,0.38317800708462
60.0934448,157.064026,0.3937066420485458
60.1443443,157.203781,0.4045197342358016
60.19363000000001,157.1668,0.4149899906747336
60.24426999999999,157.129684,0.4257479546697098
60.2935333,157.04754599999995,0.4362134524515824
60.3423424,157.0688,0.4465824599639738
60.3947525,157.092651,0.4577164640866691
60.4449577,156.988144,0.4683820591490857
60.4931,157.002716,0.4786094116379402
60.5438766,156.820923,0.489396394943384
60.59379000000001,156.491043,0.5
60.642437,156.5204,0.512800070979651
60.6915855,156.551651,0.525732097385049
60.7417336,156.49101299999995,0.5389271400288855
60.7905159,156.432724,0.551762811345732
60.83926,156.34307900000005,0.5645884314217753
60.8903122,156.121246,0.5780213622020369
60.93982,156.368179,0.5910479281577281
60.98906,156.5625,0.6040040301791905
61.03973000000001,156.64631699999995,0.6173363959271114
61.0901451,156.95639,0.6306016920079855
61.13942,157.290741,0.6435669769693426
61.1891975,157.567856,0.6566645067900865
61.23846,157.448441,0.6696265290450043
61.2872162,157.420975,0.6824553328910419
61.33889,157.534134,0.6960518199876446
61.3872833,157.8113,0.7087851370460356
61.4383125,158.21078500000004,0.7222120160320955
61.487396200000006,158.325928,0.7351269921651387
61.5384,158.258026,0.7485471878654266
61.5884781,158.796326,0.7617238120051688
61.6374435,159.255066,0.7746076608662946
61.6869,159.31088300000005,0.7876207286896992
61.7358246,159.693161,0.8004938421941503
61.7853,159.81436200000005,0.8135118830136605
61.8344231,160.1417,0.8264372261332902
61.8840866,160.44546499999996,0.8395047601045107
61.94071,160.974777,0.8544035933133252
61.9926262,161.5426,0.8680638610583813
62.0427475,161.868439,0.8812518520463648
62.09257,161.971542,0.8943612223340232
62.1430855,162.20773300000005,0.907652935812198
62.19402,162.20198100000005,0.9210548971934358
62.24315260000001,162.41014099999995,0.9339827399671918
62.29453,163.092346,0.9475012378550359
62.3445244,163.351028,0.9606558387263142
62.39444,163.169754,0.9737897056244158
62.4444542,163.371933,0.9869495163011416
62.4940529,163.67157,0.0
62.54315,163.95971699999996,0.014158884059458643
62.59239,164.46726999999996,0.0283589783845386
62.64372629999999,164.363846,0.04316361490566578
62.69371410000001,164.45906100000005,0.05757936379078999
62.7426834,164.4772,0.07170139220331961
62.82724,164.153122,0.09608627635863698
62.87649,163.637283,0.11028925453715388
62.9255257,162.94671599999995,0.12443043173650635
62.97603,162.17623899999995,0.13899513165165805
63.0264359,161.40473899999995,0.1535314544489843
63.0763855,161.104874,0.1679361870139715
63.12626,160.982025,0.18231926183964475
63.17576,160.51148999999995,0.1965943363540923
63.2246971,160.240616,0.21070707875855632
63.27470400000001,159.795349,0.2251283358037384
63.3235359,159.403458,0.2392107400700389
63.37837220000001,158.997543,0.2550247252942164
63.42787,158.990128,0.2692991653609056
63.47788240000001,158.7303,0.2837220085254799
63.525795,158.792908,0.2975393001452922
63.5746078,158.693344,0.31161619625153136
63.6236076,158.64347800000004,0.3257470204170474
63.67341,158.508835,0.3401093026594353
63.72342679999999,158.242233,0.3545334147195192
63.77566,158.14163200000004,0.3695967040554393
63.827282,157.878265,0.384483732269274
63.87858000000001,157.7328,0.3992773236317433
63.9285545,157.914261,0.413689236991786
63.9779167,157.710159,0.4279245720058675
64.0276,157.054214,0.44225250755382106
64.07823,157.09046899999996,0.4568534575066785
64.12848000000001,157.508377,0.4713448210289215
64.1789,157.843857,0.4858852100595925
64.2278442,157.950882,0.5
64.2772,157.63797,0.5143864613976845
64.32645,157.11506699999995,0.5287420837123094
64.37686,156.616943,0.5434358282987084
64.42785,156.899551,0.5582986340209999
64.47683,157.46928400000004,0.57257555546202
64.52728,157.995377,0.5872809594371021
64.57590479999999,157.89984099999995,0.6014543455066246
64.62836,157.627975,0.6167442346363359
64.678154,157.276779,0.6312584246370356
64.72835,157.7575,0.6458897914939854
64.78018,158.3231,0.6609974443785944
64.83079000000001,158.918091,0.6757494859084048
64.87971999999999,159.366608,0.6900118331135694
64.9367,159.219208,0.7066206322909778
64.98579000000001,158.4013,0.7209296170508779
65.03457,158.62941,0.7351482415484867
65.08315999999999,158.92453,0.7493114839498567
65.13154,159.861969,0.76341351456065
65.18597410000001,161.209183,0.7792802227969275
65.23506,161.903641,0.7935880124694812
65.2847443,161.5641,0.8080702265967191
65.33591460000001,160.978088,0.8229855870134948
65.3846054,161.193314,0.8371782110743418
65.43868,161.856018,0.8529401305548383
65.48916,162.445679,0.8676542790714308
65.53769,162.8621,0.8818000323897799
65.59018,163.219849,0.8971000651876402
65.63931,163.2871,0.911420709336216
65.68975999999999,163.17193600000004,0.926126113311298
65.73809,163.500336,0.9402135696862396
65.78674000000001,163.98161299999995,0.9543943011706376
65.83935550000001,164.4215,0.9697309153004878
65.88958000000001,164.968491,0.9843705894718761
65.9432,164.9158,0.0
65.9929047,165.152908,0.014621953802521404
66.04385,164.98378,0.029608862949061177
66.09316,165.07251000000005,0.044114705293999634
66.14263000000001,164.92936699999996,0.05866761587611793
66.19224,164.415985,0.07326171116575964
66.24194,163.59465,0.08788228233882123
66.29120999999999,162.701889,0.10237635762446118
66.34034,162.354416,0.11682924820258125
66.39039,162.31768799999998,0.1315527811444639
66.4395447,161.797867,0.146012937881693
66.48763000000001,161.594635,0.1601585022886951
66.54098,161.30386399999998,0.17585281762234928
66.59128570000001,160.852554,0.19065157149077194
66.6421051,160.29808,0.2056014438181748
66.69285,159.9695,0.2205293999976483
66.74379,160.053574,0.23551475000882505
66.79285,159.772324,0.2499470482331745
66.84254,159.654526,0.2645646776414097
66.89121,159.411255,0.2788822470376431
66.93966999999999,159.26043700000002,0.2931380393725789
66.98911,159.096191,0.30768212466022504
67.0381,158.904846,0.32209383053081103
67.08843,158.869476,0.3368997328877548
67.1378,158.413651,0.3514232258216339
67.18661999999999,158.314774,0.3657849216902172
67.23550420000001,158.308243,0.3801655036889749
67.2852249,158.093109,0.3947921643152164
67.33953000000001,157.906876,0.4107674476071708
67.39062,157.920975,0.4257969240907009
67.4393,157.730118,0.4401174352517572
67.48979,157.501083,0.4549704058458737
67.53976440000001,157.586319,0.4696716990456942
67.59300999999999,157.508575,0.485335302354585
67.64286,157.406586,0.5
67.69312,157.493042,0.5153159796924598
67.74264529999999,157.5612,0.5304080706009948
67.7914,157.623123,0.5452653327401151
67.84054,157.7157,0.5602400092639463
67.8930359,157.6236,0.576237345880287
67.94187,157.55195600000005,0.5911188039761797
67.99064,157.62068200000004,0.6059807285603718
68.0415,158.051514,0.6214795492360281
68.09154000000001,158.106354,0.6367284872346559
68.13969,158.2534,0.6514014761362041
68.18928000000001,158.467941,0.6665132833974319
68.2385941,158.5846,0.6815410142798797
68.28766,158.6706,0.6964931099422849
68.33703609999999,159.046219,0.7115397343929963
68.38764,159.381485,0.7269605124423286
68.43536,159.6291,0.7415024653059241
68.48447420000001,159.93014499999995,0.7564692796674741
68.53605999999999,160.226944,0.7721892769858023
68.5859146,160.688446,0.787381717120617
68.63571,160.79673799999995,0.8025561169450945
68.6842041,161.071564,0.8173339651505103
68.73273470000001,161.218536,0.8321229361824045
68.78149,161.27526899999995,0.8469803811625027
68.8311844,161.44856299999995,0.862124002754804
68.8807144,162.062912,0.8772175259177111
68.93621999999999,162.404617,0.8941320233792638
68.98477,162.363342,0.9089269062696168
69.03511999999999,162.544937,0.924270312109556
69.08362,162.795975,0.9390499582513064
69.13271,163.048248,0.9540093980265354
69.1847153,163.273865,0.9698572316656175
69.23424,163.72287,0.9849491397331748
69.28363,163.979614,0.0
69.33333,164.059357,0.013083767703889748
69.38297,164.0834,0.026151740114777056
69.43186999999999,163.853714,0.039024903911965225
69.4806,163.85347,0.051853314378981
69.52974,163.590149,0.06478965934818247
69.58375,162.980789,0.0790080555994308
69.63285,162.39415,0.09193387037329613
69.68358609999999,162.319321,0.10529039646185012
69.7326355,162.0834,0.11820289053861903
69.78279,161.5151,0.13140630758700667
69.83230999999999,161.253586,0.14444268941188554
69.88188000000001,160.789749,0.1574922339809426
69.93307,160.28913899999995,0.17096825146106553
69.9838257,159.930527,0.18432993734533554
70.03362,159.838852,0.19743852998472988
70.08229,159.868866,0.2102511451587432
70.13178,159.583466,0.2232796293371244
70.1817,159.35961899999995,0.2364213131153612
70.23180390000002,159.2063,0.24961140946664884
70.28158,158.991028,0.26271521086716376
70.33179,159.04873700000005,0.27593323856157426
70.38290409999998,158.852951,0.2893892749960472
70.43344,158.55256699999995,0.3026930974569595
70.48283,158.15743999999995,0.3156952561470021
70.53341999999998,158.163681,0.3290133206970971
70.5828552,158.098709,0.342027378507872
70.6321,157.8978,0.3549913125888473
70.68484000000002,157.913361,0.3688753751382095
70.73453520000002,157.7345,0.38195787921866403
70.78351590000003,157.48361200000005,0.39485228768494096
70.83424000000002,157.387665,0.40820565471489795
70.8848343,157.3943,0.4215248512609904
70.93479,157.29541,0.4346759332385624
70.9848251,157.23513799999995,0.44784791765387055
71.03449,157.16343700000004,0.4609224451113576
71.084,157.234253,0.4739561943874087
71.13286,157.193085,0.4868188279892571
71.18293,157.089645,0.5
71.2330551,157.146255,0.5171836668929259
71.2825546,157.002609,0.5341528683382357
71.33266,156.870132,0.5513297817635809
71.38303,157.152237,0.5685974042001796
71.43303,157.1842,0.5857381848598919
71.48165999999998,157.212234,0.602409308129527
71.53057,157.243179,0.6191764197708629
71.58022,157.3192,0.6361972149659572
71.62964000000002,157.32926899999995,0.6531391625700245
71.6861954,157.703445,0.6725272367004678
71.7348251,157.94249,0.6891982571254189
71.7848,158.272247,0.7063304331132478
71.83651,158.659286,0.7240574284715251
71.8875046,159.135529,0.7415391735401187
71.93723,159.346756,0.7585858170324506
71.98665,159.517883,0.7755277646365109
72.03453,159.49438500000005,0.791941776196257
72.08391999999998,159.78405800000004,0.8088734393319186
72.1345749,160.250427,0.8262387299367155
72.1863556,160.67868,0.8439899623588438
72.2367859,160.484375,0.8612782565769166
72.2856,160.85325600000004,0.8780124922009449
72.34119,161.657471,0.8970696121384129
72.39271,161.68923999999996,0.9147314725301818
72.44319,161.846466,0.9320368046842304
72.49729,162.09291100000004,0.9505831293580442
72.54571999999997,162.16893000000005,0.9671856895050368
72.5933762,162.3452,0.983522978930548
72.64144,162.8495,0.0
72.69078,163.271408,0.010742153481729131
72.73965,163.558487,0.021381980004875345
72.78945,163.5651,0.03222428327585547
72.84123000000002,163.11987299999996,0.04349766607447947
72.89072420000002,162.707825,0.05427339150729793
72.94076,161.948715,0.06516703243111266
72.99072,161.6387,0.07604417041139655
73.04173,161.453079,0.0871499111714904
73.09141,160.98056,0.09796608841049093
73.14066,160.44946299999995,0.10868864736823623
73.19258,160.0919,0.11999251053750015
73.24385,159.7352,0.13115485770020996
73.29588000000003,159.2817,0.14248266973212154
73.34536,159.151672,0.15325530358449058
73.39448,158.916336,0.16394955934092792
73.44299000000002,158.68161,0.17451100776814246
73.49452,158.496567,0.18572996133347167
73.54343,158.643829,0.19637849653394568
73.5919952,158.425385,0.20695196293586804
73.646225,158.294159,0.21875870867732414
73.6959839,158.233215,0.2295920637823521
73.74574,158.12733500000004,0.2404248092799648
73.79589,157.6857,0.25134331347754824
73.8465,157.750229,0.2623619674643827
73.89713,157.714325,0.2733849757898774
73.94813,157.43399,0.2844885393806393
73.99837,157.2814,0.29542663810220304
74.04741,157.13017299999996,0.3061034765039885
74.09567,156.8695,0.3166104956979119
74.1448,157.03718600000005,0.3273069286236812
74.19662,157.06483500000004,0.33858902009962577
74.24559,156.988235,0.3492506183160913
74.29495,156.87708999999995,0.3599971261364807
74.34478,156.851776,0.37084596091545663
74.39349,156.831421,0.3814509527292991
74.44416,156.732056,0.3924826697321216
74.49443000000002,156.73556499999995,0.4034272999616846
74.5436859,156.627975,0.414151143449331
74.59313,156.296646,0.4249159612638032
74.64294,156.337021,0.4357604417041117
74.69385,156.391663,0.44684441077088977
74.74202,156.254517,0.4573318354408329
74.79098509999999,156.169525,0.4679923668443209
74.84002,156.189056,0.4786680948897484
74.88899,156.038361,0.4893296931062103
74.938,155.935654,0.5
74.987854,156.090347,0.5147688424644947
75.03658,156.104874,0.5292035240933508
75.08579,156.095428,0.5437815867899829
75.13564000000002,156.158325,0.5585492442869793
75.18931579999997,156.31326299999995,0.5744502639515083
75.2396,156.42068500000005,0.589346549670875
75.28873,156.499252,0.6039009130174584
75.340126,156.638672,0.6191265604540774
75.38961,156.598846,0.6337857934246145
75.43921,156.709656,0.6484793904527173
75.48822,157.32003799999995,0.6629982047742331
75.53671,157.502258,0.6773629733204558
75.5878754,157.5573,0.692520307380569
75.6371,157.814,0.707102695208583
75.68638,158.005417,0.7217014948365019
75.73456,158.162827,0.7359744284013026
75.78268,158.519547,0.7502295874535642
75.83272,158.703217,0.7650535309069113
75.88246,159.1121,0.7797886017975948
75.932724,159.505066,0.7946789034310697
75.9818954,159.819443,0.8092455311913049
76.03164,160.00564599999996,0.823981964794612
76.08408,160.31268300000005,0.8395168887493263
76.13454,160.473709,0.8544652537904156
76.18426509999998,160.6749,0.8691959106771456
76.23406999999997,160.8982,0.8839502076655492
76.2832,161.52555800000005,0.8985045710121362
76.33266,161.66194199999995,0.913156694177662
76.38277,161.98718300000004,0.9280013745622996
76.43154,162.334976,0.9424490908336836
76.4806,162.584946,0.9569827172489768
76.52911999999998,162.51268000000005,0.9713563730514672
76.57698,162.72221399999995,0.9855345092160874
76.62581,163.120758,0.0
76.6765,163.44073500000005,0.014851474125268991
76.73156999999998,163.605133,0.030986228121687283
76.7810745,163.2431,0.04549036702156073
76.83071,163.102463,0.060032887123053776
76.88315,162.749222,0.0753970872242391
76.93393,162.19613600000002,0.09027493011398492
76.98373409999998,161.553589,0.10486684770092937
77.03299,160.878769,0.11929815021359147
77.0823441,160.576721,0.1337582239781625
77.13266,160.466934,0.1485000919390913
77.18055,160.26023899999996,0.16253120450289416
77.23048,159.6932,0.1771600090614811
77.27979,159.2232,0.19160716213145434
77.32895,159.149,0.2060103672606388
77.3785553,158.788116,0.22054403917671905
77.42788,158.54968300000004,0.2349954991448904
77.47669,158.269775,0.2492961590788916
77.53575,158.251541,0.2665999283003977
77.5848,158.090912,0.28097090493966803
77.63371,158.185226,0.2953008635008594
77.68584,158.051788,0.31057423785773963
77.73495,157.916,0.3249627936733255
77.7848,157.81368999999995,0.33956815933015605
77.83473000000002,157.562714,0.354196963888743
77.88413,157.090866,0.3686704857231895
77.934166,157.02101100000004,0.38333034682660383
77.98366999999998,157.15383899999995,0.3978343392333343
78.03313,156.996063,0.41232544024410345
78.08100999999998,156.9658,0.4263536229451823
78.13169,156.78035,0.441202167207738
78.1821,156.629868,0.4559716051768597
78.2319641,156.420425,0.4705811019401196
78.28248,156.5409,0.4853815671554465
78.3323746,156.5366,0.5
78.38228609999999,156.480988,0.5156911434441156
78.43709,156.553085,0.5329203562747686
78.48728,156.4591,0.5486990543595809
78.53619379999998,156.36721799999995,0.5640765415558526
78.58424000000002,156.6812,0.5791812732538553
78.63303,156.856735,0.5945198402902783
78.6828842,156.93396,0.6101929697993427
78.73249,157.0453,0.6257880074852479
78.781,157.219482,0.6410385483119931
78.83179,157.34787,0.6570058739889717
78.88168,157.718674,0.6726902582777043
78.93101,158.05481,0.6881985901470777
78.9801,158.377838,0.7036314709795803
79.02968,158.816269,0.7192183976790254
79.07834,159.1003,0.7345160954038121
79.12723000000003,159.152039,0.7498861003722688
79.17603000000003,159.715118,0.7652278112018926
79.22588,159.954666,0.7808996203178111
79.27563,160.227585,0.7965399915017031
79.32540999999998,160.32226599999996,0.8121897940651941
79.37420999999998,160.4382,0.8275315048948215
79.4237747,160.78491200000005,0.8431136215906676
79.4724655,160.99226399999995,0.8584210021985186
79.52275999999998,161.512543,0.8742325529222974
79.5727844,161.746979,0.8899591897916785
79.62206,161.936127,0.9054504194260282
79.6717453,162.241653,0.9210704502678944
79.72100999999998,162.697586,0.9365582531676536
79.77076,162.642075,0.9521986243515456
79.82179000000002,162.96688799999995,0.968241401065395
79.87260440000001,163.293732,0.9842163975977948
79.92281,163.448837,0.0
79.97282,163.186813,0.011394674428565564
80.02277,163.376877,0.022775677981989872
80.07268520000002,163.380814,0.03414875242783566
80.12241,163.077744,0.045478444629903685
80.17288,163.020981,0.056977929101201134
80.22275,162.783691,0.06834070482110732
80.27196500000002,162.209808,0.07955424015407786
80.3219452,161.641922,0.09094212471465468
80.3738,161.149521,0.10275713298416632
80.42385,160.647369,0.11416092132949275
80.47423549999998,160.123672,0.12564115265163167
80.5256,159.8597,0.1373444470864662
80.57646,159.564865,0.14893279224617118
80.62578,159.3217,0.16017025161063714
80.6765,159.152634,0.17172669806167914
80.72533,158.914719,0.18285251194583907
80.7756348,158.95198100000005,0.1943143559409215
80.82516,158.8518,0.2055985696983597
80.8742447,158.757431,0.21678241644748653
80.9228,158.639084,0.2278456405082956
80.97107,158.509872,0.23884385955782506
81.01999,158.395569,0.2499901797546933
81.07069399999997,158.368256,0.2615429806390317
81.11978,158.263931,0.27272712359045315
81.17024,158.240189,0.28422432958256394
81.21914,158.021729,0.2953660928210482
81.2681351,157.605835,0.30652952439663395
81.31671999999998,157.250458,0.3175994927558463
81.3692,157.391479,0.3295569515443155
81.41967,157.13241599999995,0.3410564360156094
81.46972,156.995117,0.3524602243609323
81.5196838,157.099289,0.3638443722156417
81.56841,156.902954,0.37494653548580814
81.61705,156.740814,0.3860290582653612
81.6676,156.69773899999996,0.3975467705701767
81.71722,156.775192,0.4088525843103383
81.7691,156.65924099999995,0.4206733343474056
81.8188858,156.5916,0.4320169252725349
81.86881,156.61673000000005,0.4433920503496509
81.91847,156.65055800000005,0.4547069780065698
81.96791,156.635284,0.4659717791213112
82.01709,156.597656,0.4771773397771142
82.06676,156.49629199999995,0.4884945459132233
82.1172562,156.154556,0.5
82.16727,156.167618,0.512316766009274
82.21699,156.276672,0.524561178671
82.26556,156.158783,0.5365223838797704
82.31436,156.1556,0.5485402305791318
82.36419000000002,156.1086,0.5608117326494089
82.4201355,156.03978,0.5745892827010302
82.46889499999997,156.110626,0.5865971555726972
82.51875,156.38230900000005,0.5988748143267308
82.56973,156.5891,0.6114295238499601
82.61913,156.78276100000005,0.6235951309595578
82.66823000000002,157.0516,0.6356868578640409
82.7166,157.353745,0.6475988096027336
82.7658157,157.530457,0.6597190296396569
82.84968570000002,158.01728799999995,0.6803734723174344
82.89768000000002,158.194427,0.6921929014125823
82.9459839,158.6799,0.7040885748794103
82.9948044,159.052017,0.716111470059456
83.04379,159.257813,0.7281750239790519
83.09257,159.332092,0.7401879453314066
83.14515,159.636688,0.753136682615267
83.19495390000002,160.029846,0.7654017571076963
83.24939,160.33805800000005,0.7788075912206303
83.2986,160.576767,0.7909264075336502
83.34751,161.0485,0.8029713436415591
83.39705,161.51658600000005,0.8151714281802143
83.44585,161.999725,0.8271892748795757
83.49476999999997,162.045776,0.8392366736609844
83.54389,162.4175,0.8513333259124778
83.59309,162.873962,0.8634496795519979
83.6418,162.861771,0.8754453621898257
83.69270999999998,163.189789,0.8879828329985209
83.74218,163.511414,0.9001656788226526
83.79313,163.999191,0.9127130003253684
83.84241,164.286667,0.9248490553529224
83.891716,164.623245,0.9369915133315844
83.94202,164.558533,0.949379746125942
83.99056,164.829926,0.9613335633142022
84.04966,164.960037,0.975887963722652
84.09806,165.063721,0.9878073034818547
84.14757,164.96077,0.0
84.19876,164.61586,0.008102673071686441
84.2484,164.0019,0.015960002457870104
84.297966,163.70976299999995,0.02380561866164399
84.34740450000002,163.4058,0.031631053368709416
84.3977051,163.143692,0.03959294665078872
84.44714,162.863434,0.047417811527360236
84.49971,162.758148,0.05573891962227506
84.550354,163.284027,0.06375516840216378
84.60175,163.031235,0.0718904484410885
84.65163000000003,162.934769,0.07978576652696034
84.7026,162.845551,0.08785361662393143
84.75111,162.74658200000005,0.09553208254906308
84.8009949,162.537521,0.10342817623755708
84.85064,162.44026200000005,0.11128631288360323
84.90068000000002,162.61456299999998,0.11920695676927195
84.94996,162.733261,0.12700730310591626
85.00095999999998,162.740387,0.1350799017903448
85.0509338,162.776779,0.1429900671263482
85.10078,162.700546,0.1508800351370141
85.14976,162.811127,0.1586328955990446
85.19895,162.85646100000002,0.16641899617330225
85.2477646,162.636887,0.17414567608979326
85.296814,162.379333,0.1819095216174844
85.345665,162.6205,0.18964196315343074
85.3948441,162.744232,0.1974263384075776
85.44595,162.6623,0.2055156996057512
85.49783000000002,162.37931799999996,0.21372759018905185
85.5468,162.0546,0.22147886778859416
85.59594,161.690948,0.229257054050418
85.6447449,161.65548700000005,0.2369821985902973
85.69445999999998,161.98408500000005,0.24485141527375376
85.7452,161.902084,0.2528828595335213
85.79458000000002,161.80346699999996,0.2606990344950404
85.84376,161.797745,0.26848355220680986
85.9031143,161.782654,0.2778785216988773
85.95669559999996,162.0536,0.286359704677114
86.00674000000002,162.2128,0.29428104502227725
86.05686999999998,162.2895,0.3022159346703255
86.1055145,162.3231,0.309915690095913
86.15467,162.2132,0.3176963297945896
86.20470429999996,161.87931799999996,0.32561607144863913
86.2559052,161.45137,0.3337204698404399
86.3059158,160.916092,0.3416364601103936
86.354866,160.472427,0.3493846036422106
86.40496,160.046188,0.35731379498530913
86.4549942,159.990631,0.3652335208107331
86.50511,159.665268,0.3731661627940533
86.55501,159.6467,0.3810646466048979
86.603775,159.5085,0.3887834755234536
86.65195,159.3348,0.3964089155552699
86.70165,159.175446,0.4042757421163721
86.751915,158.9796,0.4122320004080002
86.80189509999998,158.592453,0.4201431629473653
86.85078,158.554214,0.4278809703871431
86.901474,158.6347,0.4359051334794693
86.95181,158.5879,0.44387263009475575
87.0028,158.36643999999995,0.4519436459166997
87.05231479999998,158.217072,0.4597811578645406
87.1017761,157.98703,0.4676102014980792
87.1528,157.6984,0.4756865832238546
87.20376,157.805771,0.483752850458341
87.2557144,157.81073,0.4919765175385464
87.3064041,157.796173,0.5
87.35667420000001,157.792038,0.5153713715364177
87.40501400000002,157.806747,0.5301525043727473
87.45385999999998,157.73263500000004,0.5450884208333733
87.50312,157.773773,0.5601509284051431
87.55074,157.81002800000005,0.5747119639424518
87.60087,157.736374,0.5900404963129908
87.6514,157.870651,0.6054913389358347
87.7007141,158.184189,0.6205703889692309
87.749794,158.268661,0.6355778263498948
87.80020999999998,158.438522,0.6509938105508368
87.84975,158.605179,0.6661419352992226
87.89869,158.808716,0.6811065946691457
87.94975,159.0032,0.6967194983763001
87.9990845,159.360748,0.7118047862325625
88.04772,159.7237,0.7266763369229139
88.09584,160.079681,0.7413902602756046
88.1449051,160.44838,0.7563931721769386
88.19426,160.5995,0.7714846978560672
88.24468,160.941467,0.7869019051595316
88.29375999999998,161.287064,0.8019093731177556
88.3437,161.49559,0.8171798081184534
88.39203,161.448227,0.8319579443536078
88.44672,162.1727,0.8486808136004598
88.49706,162.749573,0.8640735588534625
88.54594420000002,163.09291100000004,0.8790211559431889
88.59483,163.12428300000005,0.8939692422739219
88.64381999999998,163.337479,0.9089491904253784
88.6937256,163.469,0.9242091067443744
88.74291,163.800262,0.939248497678456
88.79288000000004,164.2604,0.9545281059480786
88.84264,164.698868,0.9697435013352304
88.8919449,164.657608,0.9848197382328188
88.94159,164.972488,0.0
88.9918442,165.275787,0.01025083543956029
89.04008,165.49916100000004,0.02008995830084359
89.08901999999998,165.39858999999996,0.030072723650047095
89.13906,165.4956,0.040279866642983116
89.18791999999998,165.440811,0.0502463136180964
89.23768000000004,165.434448,0.06039634230172197
89.28881,165.188,0.07082582314162522
89.3385544,164.317551,0.08097266974230166
89.38904570000004,163.169235,0.09127186876306936
89.43786999999998,162.44558700000005,0.10123103366374407
89.48713000000002,162.0873,0.11127907250930846
89.5371,161.838028,0.12147193692491245
89.59584,161.161224,0.13345370310007354
89.64662,160.905548,0.14381179105333786
89.696,160.519485,0.15388430746003226
89.75057,160.182159,0.1650154783857829
89.7988358,160.185562,0.17486072063735136
89.8479156,159.9959,0.18487200234527634
89.89673,159.94751000000005,0.1948291478471625
89.94484,159.722672,0.20464261006518925
89.99495,159.383179,0.21486403163545376
90.04496,158.88626100000005,0.2250650552381046
90.10186,158.63738999999995,0.2366714988092085
90.1516953,158.931549,0.2468368871624413
90.200676,158.797577,0.2568279544844643
90.25045,158.6123,0.2669808388835513
90.298996,158.38374299999995,0.2768832362403693
90.3488541,158.053925,0.2870532753302157
90.398,157.84622199999995,0.2970780400947355
90.4487839,157.936554,0.3074369235687371
90.4966354,158.060562,0.3171976570404844
90.5455856,157.9945,0.3271825029823852
90.59371,157.939651,0.33699890250775155
90.64213,157.91098,0.3468755984253775
90.69271,157.921371,0.35719289044341096
90.7468643,157.772781,0.36823926701779897
90.79596,157.7877,0.3782537920025746
90.84631,157.62524399999995,0.38852416869510975
90.8964539,157.358917,0.3987525051763967
90.9459839,157.476685,0.4088556185345098
90.996666,157.5104,0.4191937368774781
91.04613,157.367737,0.4292833875769695
91.09459,157.2319,0.4391682426816388
91.1449051,157.049469,0.4494315004834739
91.1948242,156.877869,0.4596139823335683
91.24334,157.028961,0.4695102195041621
91.2926,157.039642,0.4795582583497229
91.34307,157.0424,0.4898531126033916
91.3928146,157.104431,0.5
91.44308,157.298889,0.5144000081589404
91.49568,157.475525,0.529468831428229
91.54491,157.271988,0.5435722186819731
91.59306,157.026627,0.5573662080434971
91.64254,156.794724,0.5715412151797032
91.6929855,156.665329,0.5859928183019605
91.74476,156.85794099999995,0.6008251527193735
91.79262,156.896637,0.6145360630172476
91.84179,156.91037,0.6286222614992028
91.89097,157.35939,0.6427113247764566
91.94712,157.45021100000002,0.6587971503766568
91.99651,157.5324,0.6729463743551776
92.0458145,157.784515,0.6870711043338993
92.0942,157.8467,0.7009325596246967
92.14438,158.1796,0.7153081024317878
92.1926651,158.522446,0.7291407951777913
92.2487259,158.95259099999996,0.7452010668039364
92.2966,159.328461,0.7589160164631751
92.34578,159.623062,0.7730050797404324
92.39561,159.617981,0.7872803547120739
92.44507,159.900055,0.8014496322576861
92.493866,159.98091100000005,0.8154286873954852
92.54379,160.337219,0.8297308914429351
92.59353,161.0097,0.8439803832568984
92.6420441,161.126038,0.8578786798152329
92.6921158,161.317245,0.8722231968892444
92.74169,161.16751100000005,0.8864251903971619
92.7915039,161.456757,0.9006958530483793
92.84164,161.811279,0.9150588194041056
92.8908,162.2228,0.9291421530907621
92.93979,162.5589,0.9431767852573499
92.98883,162.564987,0.9572257414004284
93.037384,162.855438,0.9711354684920046
93.08819,163.1856,0.9856903474847698
93.13814,163.60199,0.0
93.1879654,163.56955,0.00945793098615155
93.23737,163.745773,0.01883598509506257
93.28594,163.884567,0.02805561419984315
93.3355,163.60876499999995,0.037463166566180206
93.38581,163.50753799999995,0.047013085039754536
93.4348145,163.445984,0.05631519157599385
93.4830246,162.938,0.0654665039314466
93.53165,162.344727,0.07469664914601637
93.5822754,161.756912,0.08430643731322007
93.6317749,161.327927,0.09370250548024116
93.68157,160.6958,0.10315468487565482
93.729805,160.187729,0.11231072378587116
93.77803,160.149979,0.12146486448132165
93.82777,159.835815,0.13090658471339367
93.87727,159.503128,0.14030274779115004
93.92614,159.4206,0.14957932333882695
93.97527,159.26234399999996,0.15890525247034404
94.02408,159.007553,0.16817043872944026
94.07468,158.865692,0.17777540543114867
94.12488,158.716141,0.18730444354232745
94.17522,158.585129,0.19686005666018846
94.2236938,158.2469,0.20606142493894808
94.275856,158.350113,0.21596293075096185
94.32574,158.180283,0.22543198527562325
94.37477,158.022919,0.2347389322595106
94.42285,157.745621,0.2438655488408941
94.4716949,157.561676,0.2531373598695161
94.52049,157.498184,0.26239971778861104
94.57127,157.4495,0.272038852356058
94.62307,157.4239,0.2818716048293446
94.67285,157.332275,0.2913209179204692
94.72163,157.5071,0.30058040953527865
94.76982,157.865723,0.3097279064790577
94.81894,157.783051,0.3190519373958125
94.87619,157.770935,0.3299192169150373
94.92593,157.661148,0.3393609371471093
94.974,157.20408600000005,0.348485655513727
95.02216,156.909317,0.35762745781321925
95.07075,156.804077,0.3668508833475279
95.1200943,156.793564,0.3762174912214178
95.16905,156.78569,0.3855103344696147
95.2190247,156.68158,0.3949966058021808
95.26788,156.581436,0.4042703909741547
95.31891,156.583038,0.4139569809106796
95.36909,156.617477,0.4234822225923303
95.4183655,156.616486,0.4328357707486568
95.4673538,156.502884,0.4421348021769767
95.51777,156.46405,0.4517048796913379
95.57374,156.47728,0.4623291877208722
95.62373,156.58268700000005,0.4718183633220257
95.6735,156.608856,0.4812657781983879
95.7227554,156.44714399999995,0.4906155109430373
95.7721939,156.370224,0.5
95.82186,156.077133,0.5115345575493748
95.87428,155.93936200000005,0.5237086865173843
95.92304,156.10253899999995,0.5350328095330354
95.97311,156.1181,0.5466611696518484
96.02521,155.99353,0.5587609811595478
96.07461,155.946747,0.5702337390958263
96.12311,155.972534,0.5814974791749705
96.17202,155.958588,0.5928564385001387
96.22182,156.26011699999995,0.6044220932618138
96.2710648,156.54934699999995,0.6158588072298414
96.31977,156.752792,0.6271702033804125
96.36914,156.90683,0.6386359940547877
96.41817,157.2161,0.6500228224275766
96.46788,157.5558,0.6615675754035415
96.5178146,157.8169,0.6731644899469593
96.56898,158.071152,0.6850472480221228
96.61814,158.27668799999995,0.6964642678631634
96.667,158.37261999999996,0.7078116150851628
96.7166748,158.540527,0.7193481931404904
96.76489,159.1397,0.7305457906799511
96.81522,159.42,0.7422345337352709
96.8668747,159.76328999999996,0.7542309278520989
96.91924,159.923935,0.7663923531792385
96.96912,160.329376,0.7779765873059894
97.01866,160.390625,0.7894818591311612
97.06835,160.810059,0.8010219672658536
97.12234,161.50943,0.8135607162735425
97.17295,161.96965,0.8253144871066418
97.22333,162.038925,0.8370148422651411
97.27269,162.819656,0.8484783105188782
97.32186,163.149918,0.8598976527805604
97.37106,163.155045,0.8713239623041424
97.42206,163.001175,0.8831683075420038
97.47189,163.497849,0.8947409295655824
97.52106,164.081375,0.9061602718272574
97.57099,164.509811,0.9177561180571914
97.6211,164.54908799999995,0.9293937678585458
97.6693649,164.845779,0.9406029078285628
97.7195053,165.236023,0.9522476177886467
97.76788,165.622574,0.9634822579372369
97.81876,165.65889,0.975298734127474
97.87709,166.09973100000005,0.9888454136906972
97.92512,166.412277,0.0
97.97363,166.84655800000004,0.008089613776391502
98.02292,166.72216799999995,0.016309301738424153
98.0723343,166.816116,0.024549718189273758
98.12271,166.262619,0.03295045941201735
98.17107,165.827484,0.04101505892193913
98.22128,165.29591399999995,0.04938816771832322
98.27277,164.4002,0.05797473158858324
98.32214,163.33342,0.06620776049273758
98.37839,163.431656,0.07558811041897684
98.42798,163.739853,0.0838578269139525
98.4789047,162.86686699999996,0.09235012035197697
98.5281143,161.989059,0.1005564006671804
98.5772247,161.806427,0.1087461382141619
98.6261,161.441254,0.11689667006749715
98.67402,160.942978,0.12488789439577275
98.7232,160.794724,0.13308923856239474
98.77579,160.68635600000005,0.14185924038676845
98.8257751,160.3461,0.15019484445962306
98.87527,159.90563999999995,0.15844870190965565
98.92356,159.598953,0.1665016280952223
98.97203,159.516937,0.17458457140055827
99.02238,159.377014,0.18298102684564554
99.07224,159.130569,0.19129576902026807
99.12856,158.573364,0.20068779227085887
99.184845,158.591873,0.2100739788592776
99.2344742,158.586044,0.21835023241589013
99.2852,158.476471,0.2268093569365739
99.33503,158.208588,0.2351190962579004
99.38409,158.040665,0.24330042901134874
99.4343643,157.8328,0.25168426058995763
99.48463,157.6153,0.26006665801729056
99.53308,157.87506100000004,0.2681462660870935
99.583046,157.730576,0.2764786850100194
99.63405,157.551712,0.2849842026569185
99.6895142,157.47911100000005,0.29423351117921115
99.73836,157.526764,0.3023791235601401
99.78648,157.46817,0.31040370024370745
99.83736,157.3956,0.318888539430322
99.88774,157.267212,0.3272899977287089
99.9372559,156.91832,0.33554735717604345
99.98717,156.95654299999995,0.3438711211627705
100.035789,157.104126,0.35197891197279674
100.085083,156.98407,0.3601992669819367
100.135056,157.062927,0.3685328532372978
100.18438,156.8784,0.3767582110997337
100.233131,156.77507,0.38488801446425214
100.28257,156.636322,0.39313254993097857
100.332962,156.717575,0.4015360093706768
100.382339,156.717621,0.4097702056072663
100.432571,156.711426,0.4181469831627318
100.482185,156.76251200000004,0.4264207019403408
100.530754,156.741821,0.4345201546615449
100.57943,156.719788,0.4426374508928284
100.62838,156.644791,0.4508004398508625
100.678032,156.624252,0.4590804955759786
100.728813,156.429581,0.467548825346725
100.777748,156.17103600000004,0.4757093128781129
100.826149,156.3306,0.4837807496208697
100.87487,156.439423,0.4919055501320919
100.923409,156.897736,0.5
100.974396,156.799408,0.5145177814135273
101.023041,156.197815,0.5283687135503712
101.0729,155.577042,0.54256531392884
101.121811,155.929855,0.5564919855650778
101.170914,156.488876,0.5704733263136674
101.220039,156.619522,0.5844609312313835
101.269409,156.832275,0.5985182962143369
101.318733,156.709137,0.612562563389119
101.368965,156.575729,0.6268653699077298
101.417648,156.501114,0.6407271219730539
101.46656,156.783447,0.6546540783442579
101.516632,157.630844,0.6689113272692389
101.566711,157.91362,0.6831705693389445
101.616463,158.375412,0.697336703076676
101.666725,158.545563,0.7116480516440902
101.715508,158.25071699999995,0.7255382772054304
101.765182,158.855164,0.7396822016162687
101.815979,159.10998500000005,0.7541458833873662
101.865181,159.219666,0.7681554128970163
101.913666,159.494339,0.7819607874402301
101.964165,159.55645800000005,0.7963396181932012
102.012589,159.9039,0.810127623903842
102.060944,160.40953100000004,0.8238959829022328
102.112289,160.610535,0.8385156994315004
102.162468,161.133118,0.8528034149972186
102.214981,161.371124,0.8677557019599469
102.269547,161.8854,0.8832925497958755
102.319229,162.2052,0.8974387520863978
102.37114,162.305984,0.9122196286031076
102.423088,162.662537,0.9270110403133458
102.473274,163.250748,0.9413007490237888
102.523712,163.727524,0.9556622109441868
102.5741,163.456451,0.9700094361165804
102.627678,163.761292,0.9852649658118722
102.679428,164.34697,0.0
102.730888,164.709427,0.01804287092720713
102.784912,164.18833899999996,0.03698472982676648
102.834068,163.99482700000004,0.05421977380845533
102.8879,163.495255,0.07309431379588817
102.939957,163.45665,0.0913465044654842
102.989212,163.239212,0.10861625976124144
103.043037,162.961823,0.12748834541333665
103.094879,162.419632,0.14566515292613147
103.148148,161.5581,0.16434229422852198
103.199989,161.257233,0.18251875112198235
103.252289,161.108078,0.2008561422897408
103.305115,161.217728,0.21937795922718087
103.356018,160.95091200000005,0.2372255351853525
103.407349,160.45606999999995,0.2552231762184718
103.46035,160.40741,0.27380635153935984
103.512169,160.263916,0.2919750948074693
103.564278,160.0467,0.3102455176824357
103.616745,159.834869,0.32864146227896995
103.672241,159.866486,0.3480994328381648
103.727219,159.667953,0.3673757825823501
103.78,159.742859,0.3858818216497646
103.83223,159.831726,0.4041946694641467
103.887962,159.28636200000003,0.4237353861861593
103.942413,159.013672,0.4428269595413353
103.995789,158.725052,0.46154161711247
104.050026,158.366119,0.4805581579301688
104.105476,158.315109,0.5
104.157623,158.2432,0.5172911283947634
104.2092,157.9994,0.5343932537177238
104.262222,158.104538,0.551974518406908
