date,Amplitude
0.0,75.15505999999999
0.0578419,75.19437409999999
0.11681580000000001,75.10987
0.17249589999999998,75.07064
0.22904429999999998,75.03715
0.2845811,75.03312
0.3412987,74.94739
0.3986185,74.83675
0.4561067,74.7356949
0.5122449,74.56684
0.5718795,74.24048
0.6275944999999999,73.919014
0.6830698000000001,73.56577
0.7389998000000001,73.19847
0.7956178,72.77326
0.8522337,72.32252
0.9084568999999999,71.96871999999999
0.9634824000000001,71.56741
1.019191,71.08055
1.0746733,70.78501
1.13020241,70.5103455
1.18648279,70.09493
1.2428515,69.7949448
1.3000375,69.3588943
1.3563236,68.9973145
1.41283655,68.6278839
1.46918035,68.39881
1.52511036,68.20515440000001
1.5823530000000001,68.12579000000001
1.638624,68.00572
1.70024312,67.88161
1.75685287,67.81035
1.8118169999999998,67.79903
1.86911631,67.74408000000001
1.92467475,67.68509
1.98138845,67.62246999999999
2.03659344,67.59611
2.09210849,67.519165
2.14716673,67.44731999999999
2.20290875,67.45376999999999
2.259214,67.37321999999999
2.31641841,67.2636948
2.37319279,67.19714
2.43071723,67.22044
2.48680735,67.20448
2.54283762,67.2029
2.59818888,67.1970444
2.65429068,67.20931999999999
2.71018767,67.2429352
2.76715446,67.28286999999999
2.82305479,67.3361053
2.87944961,67.39989
2.9362886,67.37612
2.99286723,67.39052579999999
3.04833913,67.412056
3.104674,67.31589
3.16058278,67.33015
3.21612382,67.31934
3.27303767,67.19973
3.3293730000000004,67.18006
3.38714242,67.13003
3.44228363,67.19159
3.49866271,67.16278
3.55985951,67.18228
3.6161108,67.20595
3.6720047,67.32661
3.72922587,67.50196
3.78619432,67.72147
3.8433404,68.03851
3.90006876,68.46163
3.9561949999999997,68.91565
4.0129529999999995,69.44709
4.070191,69.85718
4.12680149,70.40418000000001
4.1833086,70.77808
4.23868036,70.9060059
4.296571,70.8405762
4.35897446,70.92538
4.41513062,71.07961
4.4718833,71.2757339
4.529326999999999,71.53641999999999
4.586079,71.67829
4.64208174,71.81593000000001
4.699037000000001,72.02249
4.75491476,72.17319
4.810996,72.4349747
4.86803961,72.64709
4.924338,72.76546
4.9811554000000005,72.8484955
5.039303,73.01135
5.095943,73.15357
5.15325832,73.3067856
5.21073961,73.4037
5.267030999999999,73.4139557
5.32436657,73.44577
5.38120031,73.39428000000001
5.43835831,73.36326600000001
5.4951300000000005,73.31521
5.55197763,73.26208000000001
5.60848141,73.23966
5.66488457,73.11809000000001
5.721956,72.81982420000001
5.777176,72.57814
5.83355236,72.27009579999999
5.89065838,71.84456999999999
5.947271,71.35986
6.003095,70.96208
6.05928469,70.58267
6.11552668,70.13011
6.172319,69.72537
6.22848749,69.37652
6.2853900000000005,69.08968
6.34187937,68.74013520000001
6.39717054,68.50674000000001
6.45375061,68.2718048
6.508736,68.02343
6.564893,67.84993
6.62388325,67.5916
6.681005,67.51254
6.7373004000000005,67.41471999999999
6.79289675,67.39731
6.8493759999999995,67.3136
6.90612173,67.38264000000001
6.9625960000000005,67.37928000000001
7.019081,67.42169
7.07529068,67.45049
7.131622999999999,67.47357
7.18817139,67.43529509999999
7.246107,67.38846590000001
7.30221462,67.33685
7.35700464,67.29156490000001
7.41315651,67.26116
7.46910572,67.26263
7.52538872,67.17459000000001
7.58248758,67.05728
7.638172,66.96491
7.69452143,66.92851999999999
7.751183999999999,66.95003
7.80762,66.94060999999999
7.86337662,66.93901
7.91935,66.97649
7.976255999999999,67.02878
8.0333,67.15656
8.090455,67.2772446
8.146613,67.48073000000001
8.202442999999999,67.70473
8.259112,67.84431459999999
8.31549549,68.00845
8.37037849,68.3315
8.426198,68.71452
8.481508,69.0749359
8.537297,69.4646
8.594560000000001,69.85705
8.651399000000001,70.27108
8.707092,70.6490555
8.763281,71.04145
8.818804,71.41819
8.874536,71.786705
8.930992999999999,72.19448
8.987286,72.52405
9.043916000000001,72.9058151
9.09938,73.09604
9.155180999999999,73.2130051
9.211344,73.390564
9.269423,73.56696
9.32578,73.70223
9.382966,73.84268
9.43742752,74.0573349
9.493310000000001,74.15683
9.550247,74.23536
9.615594,74.33781429999999
9.67135048,74.35710999999999
9.727065,74.41019440000001
9.784413,74.3212
9.841148,74.25559
9.897273,74.15056
9.954594,74.001
10.0124159,73.78875
10.0713806,73.5093842
10.127243,73.23391
10.1829519,72.92012
10.238905,72.56044
10.294982899999999,72.23886
10.3510046,71.8659439
10.4069376,71.54523470000001
10.4643688,71.06484
10.5201244,70.73522
10.5763,70.36893
10.632308,69.89156
10.688077900000001,69.47176
10.7459812,69.09134
10.8016291,68.74561
10.8587523,68.46283000000001
10.91467,68.31283570000001
10.9708071,68.13385
11.0263729,68.18941
11.0828485,68.19082
11.138629,68.18835
11.1953707,68.14182
11.2509966,68.1088943
11.3077536,67.99967
11.3635035,67.8933
11.4200954,67.90352
11.4769659,67.75506
11.5328865,67.6089
11.5891371,67.46255
11.6453457,67.38365999999999
11.701317800000002,67.29531
11.758363699999999,67.26509
11.8154039,67.22631
11.871097599999999,67.15675999999999
11.9279137,67.17918
11.9847927,67.20067
12.0411654,67.21009000000001
12.0983734,67.1833344
12.1553125,67.17868
12.2186728,67.1577454
12.2754059,67.08563000000001
12.332552,67.10548
12.387984300000001,67.063324
12.4442368,67.04052
12.5005655,66.94615
12.5572424,66.92299
12.6149607,66.90966999999999
12.6723757,66.91824
12.729665800000001,66.92064
12.785787599999999,66.92064
12.8407879,66.96054000000001
12.897394199999999,67.024
12.9544926,67.05464
13.0098038,67.11231
13.0667448,67.11015
13.121893900000002,67.19740999999999
13.1782894,67.24665999999999
13.2346258,67.37125
13.29045,67.39641
13.3459339,67.3720551
13.4031115,67.4415741
13.4601927,67.53764
13.5160255,67.73495
13.5722,67.98833470000001
13.627353699999999,68.24837
13.6854668,68.6057739
13.743572199999997,68.9561157
13.798770900000001,69.33001
13.8547554,69.7355652
13.9101133,70.19962
13.966629000000001,70.5847855
14.024267199999999,70.8709946
14.0813217,71.21446
14.1372576,71.47851999999999
14.192902599999998,71.72326
14.2483721,71.91175
14.304531099999998,72.13306999999999
14.359807,72.32203
14.416303599999999,72.53385
14.472192800000002,72.55408
14.5295544,72.61395
14.584975199999997,72.8157959
14.642914800000002,73.01746999999999
14.6996889,73.26021
14.75605,73.44934
14.8119659,73.74041
14.869619400000001,73.83864
14.926246599999999,73.9768
14.9825144,74.08209000000001
15.0389509,74.02707
15.095306400000002,73.92511999999999
15.153112400000001,73.79930999999999
15.209443099999998,73.68638
15.267396,73.57788000000001
15.325131400000002,73.54974
15.380923300000001,73.4689
15.4374418,73.2757
15.4945908,73.05665
15.5496435,72.8037949
15.6087475,72.46005
15.665251699999999,72.06926
15.724141099999999,71.6461945
15.7788525,71.26533
15.835253699999997,70.77730559999999
15.8904552,70.35136
15.947679999999998,70.00623
16.003339999999998,69.67023
16.0601158,69.3612442
16.119262699999997,69.0946655
16.174808499999997,68.92327
16.2338753,68.63263
16.2914677,68.49237
16.3472538,68.27259000000001
16.40314,68.05793
16.4600716,67.93701
16.515682199999997,67.81908
16.5716724,67.764534
16.6291027,67.75591999999999
16.685029999999998,67.73564
16.7421989,67.7363052
16.798784299999998,67.7233658
16.856058100000002,67.75189
16.912212399999998,67.64163
16.9683247,67.6135559
17.024622,67.55606999999999
17.0809879,67.53953
17.136591,67.5224838
17.192220000000002,67.45773
17.2471619,67.50238
17.30369,67.4344
17.360237100000003,67.36679000000001
17.415760000000002,67.23440550000001
17.471181899999998,67.23216
17.52688,67.1779556
17.5833511,67.19057459999999
17.639978399999997,67.12585
17.696388199999998,67.13880999999999
17.753239999999998,67.1591339
17.8086243,67.20191
17.8653412,67.22129
17.921516399999998,67.24949000000001
17.978471799999998,67.2648
18.03523,67.25633
18.091079999999998,67.17596440000001
18.1480064,67.1413956
18.2049465,67.1938248
18.2613811,67.10039
18.31762,67.07822420000001
18.3725815,66.981636
18.4304848,66.99028
18.486867899999996,66.97726999999999
18.5434055,66.95355
18.60281,66.97663
18.6593189,67.00129
18.7150173,67.0150757
18.772083300000002,67.07153000000001
18.828535100000003,67.09749000000001
18.8852634,67.14116
18.9402027,67.18339540000001
18.997035999999998,67.14696500000001
19.052688600000003,67.10694000000001
19.111204100000002,67.10436999999999
19.1683788,67.03619
19.2251568,66.97919
19.281760000000002,66.94624
19.338910000000002,66.88539
19.395488699999998,66.89656
19.4500389,66.88712
19.5084076,66.87043
19.5653667,66.8755646
19.6221676,66.94383
19.678539999999998,67.08816
19.7409744,67.33039000000001
19.799188600000004,67.67074000000001
19.8548565,67.99773
19.9114437,68.23494000000001
19.966623300000002,68.47443
20.022512399999997,68.7492142
20.0794735,69.02748000000001
20.135664000000002,69.23151
20.1924458,69.48180390000002
20.24879,69.75764000000001
20.305946399999996,70.13088
20.36153,70.5035
20.419466,70.83506
20.4756947,71.24257
20.5300922,71.56381999999999
20.586401000000002,71.92087
20.641992600000002,72.2351
20.6977081,72.56268
20.75483,72.84164
20.8122234,72.95233
20.86832,72.99153000000001
20.925832699999997,72.98794000000001
20.9835854,72.9274
21.0427818,72.7703857
21.1036339,72.5709839
21.1600533,72.4347153
21.2159157,72.22410579999999
21.2717419,72.05349
21.327679999999997,71.94113
21.38404,71.78697
21.4399567,71.57823
21.4958076,71.375824
21.5532532,71.01863
21.610301999999997,70.77267459999999
21.6663342,70.40261
21.722415899999998,70.06204
21.77825,69.7131958
21.836868300000003,69.4471
21.8925056,69.23312
21.9487057,69.00183
22.0054035,68.79224
22.0620651,68.6803741
22.118215600000003,68.4713745
22.1739635,68.34496999999999
22.2314358,68.25361
22.2882919,68.16937
22.3442783,68.05521390000001
22.400184600000003,67.91068
22.457363100000002,67.85058000000001
22.5159359,67.71781999999999
22.573164000000002,67.54641
22.6297569,67.40056609999999
22.6891823,67.28198
22.7454185,67.21146
22.801405,67.18495
22.8627,67.1504059
22.921411499999998,67.10675
22.977439999999998,67.10325999999999
23.03417,67.10741999999999
23.0892849,67.10470579999999
23.1470032,67.1187439
23.2043343,67.1196747
23.26135,67.127
23.3186646,67.08826450000001
23.37546,67.03665
23.4314823,67.02933
23.4886875,66.94033
23.549497600000002,66.89768000000001
23.605316199999997,66.83506
23.6613579,66.82558440000001
23.7169533,66.7565155
23.7732658,66.82983399999999
23.829431500000002,66.79209
23.8855228,66.8085
23.9430771,66.8414841
23.999441100000002,66.86423
24.0563946,66.87827
24.111948,66.91871
24.1721115,66.92441
24.2293987,66.96194
24.285614000000002,66.9121
24.3415451,66.8138
24.4002342,66.82677460000001
24.4572,66.78237
24.513070000000003,66.74675
24.570510000000002,66.67446
24.628313100000003,66.68590999999999
24.6845016,66.66673
24.742721600000003,66.7028046
24.798633600000002,66.70704
24.855196,66.76859
24.9117012,66.92085
24.9674358,67.0895
25.023975399999998,67.30886
25.08059,67.5470047
25.136470000000003,67.7664948
25.193286899999997,67.99889
25.24918,68.1805
25.3052521,68.3972855
25.3601646,68.68133
25.4159946,68.90841
25.471999999999998,69.11729
25.528183,69.4081345
25.58485,69.7385559
25.6394615,70.01691
25.6963043,70.31470490000001
25.753553399999998,70.70855
25.8111343,71.02386
25.8671741,71.3656
25.924495699999998,71.6808243
25.9808979,72.10125
26.0372982,72.45374
26.093648899999998,72.71639
26.149185199999998,72.88805
26.204826399999998,73.03936
26.263040000000004,73.27467
26.31924,73.37899
26.375192600000002,73.50155
26.4319973,73.55311
26.487436300000002,73.65705
26.546879999999998,73.73482
26.602987300000002,73.74342
26.6584167,73.8392639
26.715497999999997,73.97146
26.7722015,74.02118
26.82745,74.04585
26.88369,74.08926
26.9397163,74.06777
26.9962921,74.00583
27.05143,73.99091
27.1074276,73.95537
27.164316200000002,73.94782
27.220922499999997,73.83808
27.2772312,73.71987
27.333270000000002,73.62979
27.389713300000004,73.52703000000001
27.4462032,73.44501
27.5022316,73.36053000000001
27.5592766,73.2669754
27.614734600000002,73.12213
27.6715317,72.94901999999999
27.727897600000002,72.6927
27.785867699999997,72.28543
27.843187300000004,71.86135
27.900064500000003,71.3501358
27.9554253,70.82682
28.01168,70.22585
28.068052299999998,69.82892609999999
28.1248016,69.50693509999999
28.180643100000005,69.25805
28.237524,69.05154420000001
28.3038063,68.86526490000001
28.3602848,68.71565
28.4168663,68.57446999999999
28.472072600000004,68.48196999999999
28.528327899999997,68.4148
28.585388199999997,68.3322
28.6424923,68.29535
28.698444399999996,68.18347
28.755243300000004,67.99827579999999
28.811409,67.8341446
28.86815,67.6697
28.92408,67.58274
28.981440000000003,67.5213
29.0374489,67.47398000000001
29.094559999999998,67.3901
29.15134,67.29628000000001
29.208061199999996,67.31803000000001
29.2641087,67.27687
29.321317699999998,67.22528
29.37805,67.19224
29.4345722,67.13937
29.491453200000002,67.07283000000001
29.547498699999995,67.14028
29.6043625,67.14981999999999
29.661066100000003,67.05931
29.716497399999998,67.10403000000001
29.775816,67.0456
29.836170000000003,67.16447
29.895912199999998,67.2190552
29.955095299999996,67.2766
30.0148087,67.1671753
30.073724699999996,67.20903
30.1346855,67.55664
30.201009999999997,67.44377
30.2618179,67.57999000000001
30.321174600000003,67.6085052
30.3782272,67.73425
30.4382668,67.8727
30.49403,67.92532
30.5532417,68.0342255
30.6134434,68.06181
30.66992,68.09808000000001
30.7253532,68.44
30.78225,68.577095
30.84034,68.99219000000001
30.896274600000005,69.32159
30.95331,69.59692
31.011674900000003,70.11952
31.066883100000002,70.41685
31.123440000000002,70.7777939
31.17868,71.30417
31.2363358,71.6398849
31.293144199999997,71.9692841
31.3492222,72.19548
31.405635800000002,72.4194
31.4632778,72.63949579999999
31.520175899999995,72.8058853
31.5766659,72.97712
31.633113899999998,72.9680252
31.689655300000002,73.16326
31.7452374,73.43274
31.801776899999997,73.65426
31.862796799999998,73.81133
31.920398699999996,73.9948044
31.9776344,74.21937
32.03463,74.40717
32.0910835,74.58077
32.1477127,74.67508000000001
32.2050743,74.67041
32.26469,74.6270447
32.320890000000006,74.4311
32.3775063,74.25229
32.43587,74.0414047
32.4984627,73.76745
32.55467,73.6232147
32.611270000000005,73.39069
32.667629999999996,73.14851
32.7235832,72.8399
32.7794647,72.39479
32.8353081,72.05288
32.8921967,71.59804
32.94792,71.1242
33.00366210000001,70.63855
33.062606800000005,70.17544000000001
33.12151,69.8015
33.17713,69.4910355
33.233737899999994,69.25435999999999
33.2895241,68.98134
33.3461342,68.7331
33.4022751,68.51115
33.4583435,68.3877
33.51441,68.35251
33.57005,68.156
33.6272621,68.03523
33.685276,67.82604
33.7414436,67.6629257
33.79769,67.52351
33.853656799999996,67.3320541
33.9090652,67.20188
33.9641953,67.194046
34.020416299999994,67.6169052
34.07645,68.47683
34.1333542,69.2366943
34.190509999999996,69.87256
34.2462959,70.36541
34.30225,70.5542145
34.35887,70.65144000000001
34.4147568,70.67101
34.469883,70.74176
34.52621,70.81272
34.583890000000004,70.68469
34.64127,70.68056999999999
34.6981773,70.5922
34.7568932,70.66068
34.813488,70.73404000000001
34.870475799999994,70.71563
34.92546,70.72348000000001
34.98198,70.61138000000001
35.03835,70.62383
35.0941544,70.54868
35.1512756,70.46514
35.207159999999995,70.32925
35.2632,70.07669
35.3194771,69.75932
35.37774,69.60223
35.43404,69.39168000000001
35.49009,69.10191999999999
35.54553,68.65448
35.60238270000001,68.22433000000001
35.659336100000004,68.07813
35.71653,68.00168609999999
35.78111,68.1044159
35.83934,68.35813
35.8965149,68.7695541
35.95283,69.18628000000001
36.01001,69.65641
36.0667839,70.13625
36.122276299999996,70.551445
36.179096200000004,70.88005
36.23601,71.19153
36.2931938,71.45289609999999
36.34937670000001,71.70611
36.404796600000005,71.9551849
36.461459999999995,72.19573000000001
36.5168724,72.5676651
36.5730476,73.0835953
36.630320000000005,73.55409
36.6847229,73.9332657
36.740413700000005,74.24194
36.79766,74.62795
36.853405,75.05833
36.9093056,75.36648000000001
36.9648666,75.64725
37.02125,75.77975
37.07655,75.8441238
37.1321144,75.90436
37.18936,75.82223509999999
37.24613,75.800415
37.30108,75.79701999999999
37.3579521,75.64955
37.41342,75.4121552
37.4688454,75.17295
37.524770000000004,74.87528
37.580081899999996,74.4991
37.636540000000004,74.07661440000001
37.69158,73.63869
37.7471924,73.17237
37.802967100000004,72.74038
37.85833,72.2783
37.9157028,71.99155429999999
37.9723244,71.48974
38.0287056,71.024826
38.08506,70.59402469999999
38.14103,70.06971999999999
38.1973877,69.70692
38.25416,69.32409
38.31123,69.075264
38.371140000000004,68.70447
38.427620000000005,68.46346
38.487120000000004,68.16837
38.5423965,68.06961
38.59811,67.8525848
38.65381,67.7647858
38.7091675,67.60698000000001
38.76698,67.4506
38.823383299999996,67.34956
38.8813744,67.2724838
38.9386253,67.13013459999999
38.99387,66.97803
39.050415,66.93325
39.10654,66.86536410000001
39.1636658,66.76032
39.2209435,66.72849000000001
39.2773972,66.65804
39.33265,66.6305161
39.38925,66.6147
39.44802,66.58758
39.50335689999999,66.57719
39.5590553,66.60518
39.6151161,66.55506
39.67120739999999,66.55131999999999
39.7276,66.46378
39.78399,66.45998
39.8409958,66.5135956
39.8974876,66.5255356
39.954525,66.64766999999999
40.011982,66.810936
40.0684624,67.09015
40.1251373,67.37104000000001
40.1810875,67.70364000000001
40.2368,68.03471
40.2925034,68.3674
40.3502,68.74038
40.406482700000005,69.16786
40.46324,69.54165
40.51878,69.9589157
40.5751534,70.17983000000001
40.63131,70.40488
40.687294,70.59792
40.7431755,70.97242
40.80546,71.2926559
40.862590000000004,71.38490999999999
40.9184723,71.56201999999999
40.97522,71.76912
41.0298271,71.93163
41.086845399999994,72.13016
41.14307,72.12317
41.1987343,72.21770479999999
41.2536,72.22346999999999
41.309870000000004,72.21822
41.3675461,72.1707
41.4311523,72.0811539
41.48868,71.87786
41.545359999999995,71.5923843
41.601963,71.39834590000001
41.65842,71.02733
41.715270000000004,70.6781158
41.77191,70.2583542
41.8294563,69.8807755
41.88511,69.58229
41.94465,69.2075
41.999958,68.94251
42.061245,68.59624000000001
42.117301899999994,68.3104
42.173747999999996,68.1687851
42.2321167,67.934845
42.2876358,67.77847
42.3442345,67.59009549999999
42.4008064,67.4565353
42.4568558,67.25483
42.51424,67.11035
42.570404100000005,66.8844147
42.6269073,66.80022
42.683845500000004,66.77422
42.7414474,66.61274
42.79887,66.61255
42.85713,66.54487610000001
42.9147224,66.44951
42.970302600000004,66.4790039
43.0281563,66.47379000000001
43.0844879,66.49418
43.1405,66.48036
43.1977425,66.36123
43.25385670000001,66.40085
43.3131447,66.38396999999999
43.3692932,66.31218
43.4347229,66.23388
43.4913826,66.20085999999999
43.5470848,66.16583
43.607223499999996,66.17838
43.664547,66.13306429999999
43.720245399999996,66.27022
43.778316499999995,66.42916
43.8359146,66.62671999999999
43.892520000000005,66.86672
43.94851,67.203476
44.0043869,67.55434
44.0603561,67.8347855
44.116325399999994,68.23848000000001
44.1725,68.58513
44.2289467,68.86676999999999
44.28520579999999,69.24279
44.3404121,69.58955
44.39594,69.6970749
44.4522057,69.93693
44.507988,70.12374
44.5648155,70.3837051
44.621482799999995,70.44526
44.6773834,70.7724
44.7346764,71.05667
44.79242,71.36068
44.84825,71.6752
44.906215700000004,71.80823000000001
44.961643200000005,72.18607
45.01898189999999,72.246376
45.07515720000001,72.43293
45.1308441,72.61276
45.189392100000006,72.90749
45.2467422,73.09540559999999
45.3028831,73.24094000000001
45.3593063,73.14775999999999
45.4164543,73.26384
45.4732,73.37106
45.5301247,73.43405
45.5871,73.6
45.64281,73.62448
45.70009,73.60611999999999
45.757926899999994,73.60042
45.813812299999995,73.59265
45.87021,73.56384
45.92709,73.3747
45.986583700000004,73.3090439
46.04257,73.1231
46.099033399999996,72.921524
46.1549721,72.64158
46.21053,72.3366852
46.266729999999995,72.00838
46.324062299999994,71.7172241
46.379673,71.3916
46.4386559,71.08352
46.4942436,70.69596
46.550979999999996,70.26293000000001
46.606555900000004,69.92763520000001
46.6631622,69.55913000000001
46.7194977,69.31375
46.77899,68.95692
46.835029999999996,68.66744
46.8922729,68.37291
46.9478035,68.06199000000001
47.0047836,67.73246999999999
47.0616951,67.54982
47.11793,67.491
47.17473,67.3271
47.2304573,67.22802
47.2872963,67.14192
47.342929999999996,67.036
47.399173700000006,66.92748
47.4548,66.99734000000001
47.5116234,66.9504
47.5704842,66.90408000000001
47.62618,66.8265152
47.68219379999999,66.7442
47.738265999999996,66.7533
47.7952423,66.6999359
47.85205,66.58445999999999
47.9080963,66.56066
47.96502,66.5152
48.021,66.4925
48.077713,66.46818
48.1331367,66.46779000000001
48.1886177,66.4912643
48.2451935,66.49655
48.30406,66.54995
48.3605652,66.58447
48.4161835,66.66933440000001
48.4721146,66.77422
48.52895,66.8350143
48.5866165,67.02164
48.64208,67.1937
48.6996841,67.52971
48.7561531,67.91519
48.8113976,68.29963000000001
48.867206599999996,68.66646999999999
48.9245338,69.04521
48.9802055,69.44593
49.0380821,69.80320999999999
49.09342,70.12881999999999
49.15027,70.52515
49.2062645,70.86641999999999
49.2622833,71.20938000000001
49.317836799999995,71.635
49.374970000000005,71.8932
49.43165,72.28254
49.4868164,72.62623
49.5429955,72.7738647
49.599247,73.0417557
49.65485,73.29374
49.712140000000005,73.57304
49.768302899999995,73.77105999999999
49.8252373,73.97785999999999
49.88388,74.11168
49.9386,74.28801
49.99505,74.50449
50.0524826,74.67626
50.1097,74.82351
50.1652946,74.94865420000001
50.2217369,75.06109000000001
50.27841,75.22681429999999
50.3363228,75.2850952
50.392662,75.3285
50.44815,75.27648
50.50488,75.3201752
50.561170000000004,75.30445999999999
50.6175842,75.2847
50.6747971,75.07645
50.72971,74.95698
50.7861977,74.7486954
50.84318,74.57919
50.90013,74.43196
50.9566345,74.298
51.0113831,74.1278
51.06881,73.93748000000001
51.12531,73.65484000000001
51.1824379,73.35547
51.239227299999996,72.93725
51.2962,72.43032
51.35418,71.9456558
51.41113,71.4306946
51.46715,71.03712
51.5247269,70.53545
51.5815735,70.1426239
51.63815,69.80866
51.6949768,69.4781647
51.7503357,69.16725
51.8064842,68.91022
51.8655739,68.61139
51.9231644,68.42075
51.97809,68.2503052
52.03433,68.01984
52.090824100000006,67.87522
52.1472473,67.7092743
52.2038536,67.5539551
52.26008220000001,67.42208000000001
52.3175468,67.26843000000001
52.3736076,67.123436
52.43223570000001,67.0014343
52.4902039,66.89865999999999
52.54626,66.88391
52.6033249,66.83423
52.65896,66.80064
52.71496,66.78746
52.7712822,66.8120346
52.829530000000005,66.8048553
52.8862038,66.82581
52.941574100000004,66.82448000000001
52.99771,66.80185
53.054176299999995,66.82686609999999
53.11148000000001,66.75289000000001
53.16911999999999,66.77676
53.22561999999999,66.71181999999999
53.28147,66.6868439
53.33752439999999,66.64104
53.3927,66.62513
53.449604,66.5871
53.505085,66.61767579999999
53.56133270000001,66.58971
53.6190567,66.58147
53.6741066,66.64522
53.7314262,66.7552643
53.7871933,66.84886999999999
53.8431358,66.96894
53.8990555,67.1492157
53.954834,67.39922
54.0114365,67.61171
54.067386600000006,67.81463000000001
54.123115500000004,68.13713
54.181064600000006,68.38685
54.23919,68.65033000000001
54.2950439,68.8954849
54.35346,69.17215999999999
54.4095879,69.42766999999999
54.46751,69.66246
54.5243454,69.97542
54.58105,70.24604000000001
54.63722610000001,70.512764
54.69396999999999,70.79294
54.751335100000006,71.08710479999999
54.807311999999996,71.39465
54.86469,71.66725
54.921369999999996,71.8929
54.9766655,72.03352
55.0332451,72.25176
55.09225,72.38949579999999
55.149185200000005,72.58491
55.2051125,72.72851999999999
55.262462600000006,72.84595490000001
55.31905,72.92284000000001
55.374813100000004,72.92228
55.4313469,72.93619
55.486869999999996,72.8740845
55.5451279,72.84751
55.6024933,72.77401
55.6596,72.70571
55.718074800000004,72.6243439
55.77588000000001,72.37343
55.832183799999996,72.15886
55.891119999999994,71.7199554
55.947994200000004,71.1338
56.00459,70.44844
56.06058,69.94213
56.116609999999994,69.54081
56.17241,69.202774
56.2273941,68.9585953
56.28409,68.66081
56.339240000000004,68.42563
56.3955078,68.18576999999999
56.4516068,67.85256
56.5084953,67.64466999999999
56.56706,67.54827
56.623256700000006,67.33225
56.67872239999999,67.19355999999999
56.73552320000001,66.9878
56.79286,66.79239
56.847702000000005,66.71729
56.9041061,66.60621
56.9624519,66.48787
57.018119999999996,66.41832
57.07506,66.3688354
57.13225,66.27481
57.18935,66.32316999999999
57.24579620000001,66.32472
57.301680000000005,66.3602753
57.3597145,66.36921
57.4152679,66.36335
57.47115329999999,66.38067
57.52806999999999,66.37333000000001
57.584137,66.33882
57.63971,66.35898
57.6961,66.3535
57.7530136,66.33493
57.8092422,66.26442
57.8663826,66.27234
57.929615000000005,66.2889252
57.9879532,66.32911999999999
58.044822700000005,66.3614
58.102237699999996,66.38717
58.15868760000001,66.50062
58.2221375,66.53981
58.28204,66.58456
58.3422356,66.60548399999999
58.39911,66.60733
58.4546661,66.6238556
58.5107422,66.5361252
58.56636429999999,66.60579
58.6243973,66.51425
58.6816,66.49399
58.7371559,66.3679
58.79572679999999,66.4203339
58.851943999999996,66.39063
58.909330000000004,66.41046999999999
58.966205599999995,66.39073
59.0242233,66.43388
59.080574,66.46895
59.1363335,66.47601999999999
59.19239,66.52714540000001
59.2482147,66.5889053
59.3038025,66.61641999999999
59.36046999999999,66.637
59.41646,66.65465
59.47206,66.5556946
59.5288162,66.54996489999999
59.5851936,66.5089645
59.642303500000004,66.45755
59.697723399999994,66.41635
59.753409999999995,66.40597
59.8093452,66.40016
59.86543,66.4425
59.9231873,66.45806999999999
59.980472600000006,66.46451
60.037597700000006,66.51821
60.095176699999996,66.57661999999999
60.152269999999994,66.61435999999999
60.2080956,66.66309
60.2648277,66.70801
60.323345200000006,66.70623
60.379276299999994,66.6617
60.435219999999994,66.62838
60.49224,66.62008
60.54898000000001,66.55118
60.606680000000004,66.50235
60.663402600000005,66.43344
60.7183647,66.46893
60.775882700000004,66.49499
60.83445,66.46477510000001
60.8890877,66.51274000000001
60.94707,66.51961999999999
61.003719999999994,66.57542420000001
61.06049,66.662056
61.1174622,66.67748
61.17440799999999,66.72158
61.23946,66.76918
61.296409999999995,66.78155
61.35224,66.7159348
61.407790000000006,66.71637
61.4720154,66.64262389999999
61.529312100000006,66.57587
61.585409999999996,66.52528000000001
61.641353599999995,66.48513
61.6986427,66.46646
61.75481,66.45769
61.811240000000005,66.49647
61.86792760000001,66.47877
61.92541,66.55937
61.9822,66.6038
62.03893660000001,66.64168000000001
62.0953865,66.74254
62.1512947,66.75853000000001
62.2063751,66.82427
62.2640038,66.82257
62.319109999999995,66.7266846
62.381813,66.72458
62.4383049,66.67288
62.49442,66.60965999999999
62.55955,66.50732420000001
62.61595,66.546196
62.6742,66.60486
62.72971999999999,66.58336
62.784769999999995,66.60143000000001
62.840694400000004,66.58905
62.896904000000006,66.60684
62.95409,66.67255
63.009304,66.74401999999999
63.065017700000006,66.7692
63.12112,66.7904739
63.1775,66.801796
63.2401772,66.7939453
63.298230000000004,66.71677
63.3560371,66.70763000000001
63.4129829,66.64509
63.4684067,66.5975
63.526153599999994,66.555
63.582035100000006,66.54217
63.6413231,66.5595856
63.69914250000001,66.56909
63.7574921,66.60195
63.81354520000001,66.57696
63.8696365,66.63818
63.928012800000005,66.6839142
63.9934464,66.77205
64.05019,66.811554
64.10748000000001,66.8214951
64.16360999999999,66.8442154
64.2193451,66.7406158
64.27561999999999,66.7073059
64.33139,66.63566999999999
64.38936609999999,66.56858000000001
64.44736479999999,66.52605
64.50325,66.51204
64.5589142,66.55441
64.6176,66.503624
64.6745148,66.515686
64.74139,66.51416
64.80093000000001,66.60665
64.85781,66.6176147
64.9141,66.68981
64.96927,66.72209000000001
65.025,66.7474747
65.07972,66.7439346
65.13682,66.60767
65.1924,66.64445
65.24781999999999,66.5679245
65.30368,66.47805
65.36131999999999,66.4528961
65.41875999999999,66.4551
65.47583,66.40828
65.5322647,66.48048
65.58685,66.44315
65.6432648,66.47525999999999
65.6994,66.58479
65.75520999999999,66.73995
65.81222,66.81775999999999
65.87054,66.87975
65.92965,67.31146
65.9884644,67.28435999999999
66.04544,67.57366
66.1024246,68.0196
66.1586151,68.22041999999999
66.21656999999999,68.71795
66.27384,68.95428000000001
66.32970429999999,69.33425
66.38561999999999,69.76001
66.45434,70.08102
66.51106999999999,70.5495
66.56931,70.88516
66.62526,71.06329000000001
66.68125,71.48844
66.738945,71.87498470000001
66.80292,72.2928848
66.86044,72.7766342
66.91731999999999,72.88274
66.97353000000001,73.3738556
67.03107,73.7221146
67.0867157,73.95549
67.14511,74.31045
67.20365,74.41826999999999
67.25983000000001,74.6533661
67.31536,74.7733
67.37093,74.84144
67.4270248,74.97466
67.48308,74.852
67.53809,74.91458
67.59527,74.83314509999998
67.6533661,74.84902
67.70849609999999,74.79484000000001
67.76657,74.52984000000001
67.82255,74.3445
67.87914,73.945
67.93463,73.49949000000001
67.99143000000001,73.01841
68.04822,72.48318
68.10529,72.00239
68.16221999999999,71.4996262
68.21755,71.01746
68.27443000000001,70.57875
68.33055999999999,70.2242
68.3866959,69.84424
68.4432144,69.4744949
68.49940490000002,69.12266540000002
68.5556641,68.82994000000001
68.6111755,68.5684052
68.667305,68.21641
68.72185520000001,67.93749
68.77765,67.67149
68.83373,67.38139
68.88995,67.28314
68.94744,67.18326
69.00885,67.14448
69.06499000000001,67.03323
69.12159,66.9532
69.17688000000001,66.92879
69.233284,66.89050999999999
69.28941,66.87702
69.34736,66.84322
69.40326999999999,66.78243
69.45949,66.76085
69.51509,66.74857
69.57079,66.75076999999999
69.62706,66.67775
69.68216,66.63116
69.7383041,66.52983
69.79491999999999,66.497345
69.85123440000001,66.43165
69.90839,66.50417
69.96461490000002,66.4848862
70.01897,66.54642
70.0741,66.59789
70.13167,66.7225
70.1902,66.83858000000001
70.2470551,67.14035
70.30219,67.4120255
70.35913000000001,67.73961
70.415184,68.1512
70.46972,68.41023
70.52625,68.76758000000001
70.58256,69.12824
70.63923,69.45408
70.697,69.78522
70.75316,70.06029000000001
70.80871579999999,70.36307
70.86705,70.65456
70.92315,70.98402
70.98858,71.38515
71.04522,71.65694
71.10086,71.90467
71.15606,72.23031
71.2127151,72.50902559999999
71.2680054,72.76046
71.32505,72.90987
71.38083,72.99038
71.43754,73.11474
71.49634,73.25556
71.55141,73.31775999999999
71.60993,73.36944
71.6649857,73.35229
71.72156,73.42918399999999
71.7784653,73.44985
71.83343509999999,73.5142
71.88999,73.61500550000001
71.94614,73.68557
72.00336999999999,73.72709
72.06133,73.7833557
72.11726,73.87321
72.1753,73.84425999999999
72.23608399999999,73.72946999999999
72.29375,73.55668
72.35001,73.41563000000001
72.40669,73.27367
72.46284,73.02649
72.51850999999999,72.81199000000001
72.57422,72.55643
72.63544,72.2392349
72.69057459999999,71.93558
72.74729,71.6051941
72.80360999999999,71.216835
72.8593,70.92227
72.9162,70.60692
72.974205,70.36717
73.03036,70.04095459999999
73.08497,69.73649
73.14009,69.4444
73.1973953,69.10658000000001
73.25373,68.77592
73.30995,68.44672390000001
73.3648,68.27709
73.42267609999999,68.064415
73.47746,67.87672420000001
73.53386,67.77044000000001
73.59031,67.61721999999999
73.64545,67.53171999999999
73.70191,67.452095
73.75863000000001,67.30145
73.816925,67.1917343
73.87314609999999,67.06903
73.93085479999999,66.94289
73.98704529999999,66.86725
74.04563,66.80019
74.10136,66.69808
74.15658570000001,66.5824051
74.21184000000001,66.4916
74.2702255,66.4290161
74.32639,66.42849
74.3828354,66.4069748
74.4392548,66.40618
74.49509429999999,66.42177579999999
74.5509,66.4709549
74.60856,66.54699000000001
74.66488000000001,66.53363
74.72256,66.57633
74.77908000000001,66.5391159
74.8349,66.53179
74.89111,66.43361
74.95024000000001,66.46979520000001
75.0063248,66.40675
75.0623245,66.34604
75.12108609999999,66.23671999999999
75.17763000000001,66.18762
75.23294,66.20498
75.2890854,66.2353439
75.34578,66.19077
75.40308,66.25220999999999
75.459404,66.30331
75.51601,66.47563000000001
75.57172390000001,66.62419
75.62695,66.828125
75.68225,67.08718
75.73921,67.31916
75.79948,67.61571500000001
75.85517,67.87458000000001
75.91336,68.2254
75.9708252,68.47513000000001
76.02741,68.71956999999999
76.0832062,69.0039749
76.13949000000001,69.304985
76.2017746,69.61383000000001
76.25932,69.9413147
76.31456,70.2852
76.37071999999999,70.59556579999999
76.4272,70.90539
76.483696,71.1988449
76.54044,71.52334590000001
76.59622,71.83856999999999
76.65316999999999,72.0567
76.70922,72.2191849
76.76558,72.4604
76.82107540000001,72.61698
76.87720490000001,72.82814
76.9326,72.89742
76.99209,73.0077
77.0489,73.13993
77.10908509999999,73.18762
77.16696999999999,73.28016
77.22303000000001,73.36891999999999
77.27885440000001,73.5025253
77.3344345,73.62293000000001
77.390625,73.69128420000001
77.44734,73.84231
77.50565,73.97519
77.56211,74.06144
77.617424,74.14288
77.6727448,74.1985245
77.72901999999999,74.32973
77.78614,74.40664
77.84266,74.45945
77.89761,74.4413757
77.95437,74.41016
78.01324,74.41504
78.06921390000001,74.40183
78.12609,74.2671051
78.18233000000001,74.2544861
78.23822,74.07628000000001
78.29504,73.84368
78.35172,73.55512
78.40790559999999,73.26014
78.46875,72.91672
78.52501,72.64896999999999
78.5820541,72.3629
78.64072,72.06822
78.69789,71.78905490000001
78.75515,71.46422
78.81163000000001,71.10945
78.8672562,70.83031
78.92331,70.5357056
78.97983,70.1207657
79.0364151,69.7780762
79.09307,69.36608000000001
79.14874,69.08927
79.20809,68.76333620000001
79.2646561,68.5483551
79.3216858,68.31673
79.37673000000001,68.1458054
79.4323349,67.96171
79.48886,67.78036
79.54726409999999,67.643425
79.6051254,67.54851
79.66113,67.41524509999999
79.71672,67.273674
79.77261,67.1312
79.82824000000001,67.06206999999999
79.88481,67.05094
79.9410858,66.8661346
79.9970551,66.72873
80.05339000000001,66.60466
80.10945,66.5967941
80.16529,66.54030999999999
80.22148,66.5267
80.27808,66.47029
80.33431999999999,66.44163
80.3897247,66.48325
80.44503,66.50634000000001
80.50139,66.55207
80.55905,66.52816999999999
80.61731,66.5067444
80.6725845,66.46138
80.72988000000001,66.41937
80.78772,66.41264
80.84334559999999,66.39983000000001
80.89846,66.3063354
80.95454000000001,66.24778
81.0118942,66.15822
81.06952,66.1276855
81.12477,66.1766
81.18217,66.13920999999999
81.2389755,66.18571
81.29638,66.18656999999999
81.35239,66.22355999999999
81.4077454,66.2264557
81.4640656,66.3359451
81.52051,66.36079409999999
81.5771,66.39619
81.63308,66.40273
81.68915559999999,66.33849000000001
81.74571,66.45012
81.8007,66.5132751
81.85715479999999,66.6063461
81.91339,66.78702
81.96885999999999,67.03234
82.02481,67.4022751
82.08001,67.72542
82.1366959,68.06182
82.1919861,68.44469000000001
82.24688,68.79217
82.30315999999999,69.1679
82.36388000000001,69.5469
82.41977,69.9818649
82.47771,70.37477
82.53426,70.7368
82.59168000000001,70.99713
82.64981999999999,71.28759000000001
82.70508000000001,71.53349
82.76158000000001,71.81049
82.81909,71.97219
82.8754959,72.18114
82.93160999999999,72.34758000000001
82.9877,72.56815
83.04827,72.81045
83.10531,73.11931609999999
83.16209,73.27237
83.21731,73.51504
83.2739944,73.7748642
83.3292847,73.98266600000001
83.3886948,74.1655
83.44719,74.26446
83.50267,74.42429
83.55743000000001,74.4681
83.6138153,74.54247
83.67809,74.52575
83.73629,74.50535
83.7916946,74.44379
83.8475952,74.35079
83.91235,74.2921448
83.96908570000001,74.23396
84.02781999999999,74.24627
84.0846252,74.13122
84.14023590000001,74.04137
84.19749,73.8862152
84.25355,73.75799559999999
84.30908000000001,73.58787
84.364975,73.3432541
84.42218000000001,73.11209000000001
84.47822,72.78543
84.53441,72.50338
84.5904846,72.15553
84.64565,71.8550949
84.70183,71.44102
84.76536999999999,71.0758743
84.82029,70.7083054
84.87533570000001,70.36623
84.9323959,70.0576553
84.98754,69.76313
85.04419,69.498085
85.10087,69.11921
85.1573257,68.83738000000001
85.21422,68.47728000000001
85.27009579999999,68.24972
85.32545,68.02629
85.38131,67.90045
85.43867,67.64833
85.49409,67.5137558
85.5507,67.38429000000001
85.60919,67.21
85.66552,67.13936609999999
85.72143,67.00009
85.78217,66.9151154
85.83832,66.7440262
85.8950653,66.67165
85.95088,66.61081
86.00718,66.59371999999999
86.0633,66.4827042
86.11881,66.38280999999999
86.17594,66.29054000000001
86.23336,66.26201999999999
86.2902145,66.21989
86.345726,66.17570500000001
86.4016,66.18290999999999
86.45821,66.19449
86.513855,66.21043
86.57101999999999,66.2776947
86.6273041,66.27848
86.68422,66.2987747
86.73992,66.29725
86.80299000000001,66.2863159
86.86086,66.20714
86.91691,66.2638855
86.97365,66.20769
87.029335,66.1472244
87.08553,66.13904000000001
87.14135999999999,66.09434
87.19997,66.10146999999999
87.25993000000001,66.08986
87.31515,66.1079254
87.370285,66.12035999999999
87.4271545,66.15737
87.48683,66.19474
87.5425,66.19986
87.5985,66.28217
87.65419,66.29514
87.70917,66.28135
87.76353,66.23
87.81873,66.19045
87.87509,66.1720047
87.93175,66.13745
87.98775479999999,66.19244379999999
88.0430145,66.28599
88.09956,66.38498
88.15628000000001,66.59833
88.21512,66.83095
88.27031,67.14209
88.32887,67.52318570000001
88.38634,67.87782
88.44335,68.30726999999999
88.50014499999999,68.7011948
88.55744,69.1256
88.6131,69.49645
88.66967,69.8255157
88.72506,70.11672
88.78062,70.39805
88.84118000000001,70.6718
88.8964844,70.90752409999999
88.953125,71.14010999999999
89.01048,71.348465
89.0677643,71.66051
89.12388,71.90954
89.1810455,72.08768
89.23705,72.3558
89.29293,72.5613556
89.3493042,72.7626953
89.40456999999999,72.9453
89.46127,72.99208
89.51694,73.0584
89.57377,73.14106
89.63221,73.17624
89.68813,73.1754761
89.74396,73.14591
89.799614,73.10904000000001
89.85735,72.99409
89.91431999999999,72.8794556
89.97043000000001,72.78907
90.02613000000001,72.71919
90.08268000000001,72.69041999999999
90.14039609999999,72.59281
90.1971,72.50561
90.25359,72.40995
90.3102,72.22971
90.36527,72.06304
90.42295,71.81451
90.4788,71.56407
90.53508000000001,71.34691
90.59067540000001,71.19192
90.6476,71.05113
90.70509,70.90687
90.76225,70.71972
90.81777,70.64195
90.87459559999999,70.51216
90.93111999999999,70.33331
90.98893000000001,70.09305570000001
91.04529000000001,69.83536
91.10171509999999,69.37388
91.15665,68.9813461
91.21197,68.67353
91.26765999999999,68.41259000000001
91.32419,68.17027
91.38022,67.96556
91.43727,67.74136999999999
91.49740600000001,67.53641999999999
91.5563,67.36885
91.61528,67.23309
91.67146,67.0785
91.7291,66.9936142
91.78525,66.83765
91.84076999999999,66.712616
91.89826,66.6735458
91.9554443,66.56045999999999
92.01385,66.26182
92.0712357,66.15146999999999
92.12767,66.0849152
92.1829453,65.90671999999999
92.23895999999999,66.0130157
92.2938843,66.0149155
92.35059,66.01456999999999
92.40513609999999,66.21918000000001
92.4610748,66.37213
92.51695,66.6398239
92.57441999999999,66.78645999999999
92.62918,66.9498749
92.68736,67.2801
92.74394000000001,67.36036999999999
92.7994,67.44431999999999
92.85535429999999,67.61952
92.90992,67.62661
92.9651,67.5955353
93.02125550000001,67.49295
93.07717,67.3740158
93.13311999999999,67.3684
93.19148,67.27039
93.24734000000001,67.31664
93.30752559999999,67.32099000000001
93.3662338,67.36492
93.42508000000001,67.378624
93.48414,67.43115
93.54348,67.53152469999999
93.60465,67.68038
93.66445,67.8419
93.72442,68.10405
93.7797546,68.34691
93.83901999999999,68.70488
93.8980942,69.1014252
93.95696,69.38502
94.01935999999999,69.73141
94.07514,70.0488052
94.14142609999999,70.50239559999999
94.19941999999999,70.84979
94.25529,71.2443
94.31432,71.62432
94.3732452,72.1712
94.43157,72.54953
94.49217,73.06359
94.55381,73.59488
94.6143646,74.0660553
94.67621,74.40619000000001
94.73756,74.5965652
94.7959061,74.79372
94.85611999999999,74.96415
94.9161,75.06064609999999
94.97506,75.18134
95.0312,75.30827
95.0904846,75.35717
95.1491547,75.4894
95.2084,75.52179
95.26778,75.53062
95.32555390000002,75.44468
95.38401,75.49053
95.4407,75.46892
95.50074000000001,75.37736
95.55794,75.18611
95.61573,75.00697
95.67515,74.86965
95.73239000000001,74.54705
95.78971999999999,74.29041
95.8465958,74.13559000000001
95.9129944,73.68632
95.9701,73.41014
96.02938,73.18336490000002
96.08823000000001,72.84331999999999
96.14681999999999,72.47811
96.2037,72.03175
96.26231379999999,71.69588
96.32334,71.28802490000001
96.38407,70.8549652
96.44461,70.33961
96.50323490000001,69.85474
96.56333000000001,69.41154
96.62487,69.05821999999999
96.68458559999999,68.75832
96.74655,68.47029
96.80753,68.1852646
96.86735,68.08521999999999
96.92801999999999,67.91675
96.98751,67.84664000000001
97.04643,67.7218857
97.1067657,67.51772
97.1672745,67.40699000000001
97.22825999999999,67.18845
97.28704,67.07606510000001
97.347084,66.945076
97.40692,66.90868
97.46713000000001,66.81274
97.5293,66.746994
97.59101,66.61354
97.6519547,66.6120148
97.71138,66.56326999999999
97.77101,66.59809
97.83028409999999,66.59951
97.89413,66.48657
97.95302,66.51186
98.01295470000001,66.52896
98.07641,66.5474243
98.13685,66.55115
98.19566999999999,66.59801999999999
98.25465390000001,66.58371
98.31387,66.53229
98.37358,66.5345
98.43366,66.47049
98.49293,66.38663000000001
98.55181999999999,66.30077
98.61147,66.3466339
98.67089,66.4174652
98.72966,66.3588943
98.78822,66.47491
98.8479843,66.48962
98.90563,66.56774
98.96507,66.7096558
99.02245,66.8696747
99.0783844,67.05235
99.1367,67.19015
99.19343,67.59624000000001
99.25133509999999,67.91102
99.30803,68.1615448
99.36605,68.60542
99.42484,68.87161
99.48106,69.18269000000001
99.53732,69.44221999999999
99.59413,69.79813
99.65297,70.07245999999999
99.70934,70.400116
99.76578520000001,70.76383
99.8256454,71.14834
99.8827,71.52946999999999
99.9392548,71.8912048
99.99525,72.16679
100.053223,72.49427
100.110291,72.73478
100.167221,72.89478000000001
100.22319,73.01023
100.28008299999999,73.1813
100.337212,73.29491
100.394424,73.37172
100.451576,73.34615
100.50814799999999,73.25663
100.565239,73.11689
100.621689,72.89439
100.678177,72.67498
100.7342,72.44579
100.7907,72.17415
100.84790799999999,71.8056
100.90522,71.40933000000001
100.962326,70.93156
101.018723,70.45279000000001
101.076996,69.96674
101.132965,69.37798000000001
101.190956,68.90597
101.248566,68.45541
101.304733,68.103714
101.363007,67.83169000000001
101.419975,67.57751
101.477234,67.3226
101.53400400000001,67.17168000000001
101.59191899999999,67.0095139
101.650764,66.93543000000001
101.70695500000001,66.86171
101.763535,66.75523000000001
101.821053,66.6521149
101.877663,66.5470657
101.935928,66.51984
101.992805,66.51469
102.049988,66.40849
102.10762,66.33555
102.165,66.2751541
102.22177099999999,66.23550420000001
102.2782,66.20498
102.337967,66.16428
102.395287,66.18352510000001
102.45201899999999,66.17161
102.50891899999999,66.20141
102.56600999999999,66.22324
102.622879,66.22331
102.67913100000001,66.20599
102.73575600000001,66.20815
102.792854,66.2248
102.85296600000001,66.18172
102.909882,66.16839
102.967682,66.24235999999999
103.02467299999999,66.13808440000001
103.08130600000001,66.13169
103.137726,66.06153
103.193977,66.0519257
103.251961,66.03535
103.308685,66.0723343
103.366241,66.07604
103.42643699999999,66.12189479999999
103.484123,66.1762848
103.542671,66.24835
103.599785,66.36474
103.655167,66.46621999999999
103.714706,66.6785355
103.772118,66.90795
103.828735,67.09994
103.885864,67.29118000000001
103.941963,67.51898
103.99868000000001,67.69122
104.05501600000001,67.868576
104.112877,68.01931
104.1727,68.3739853
104.22970600000001,68.62643
104.286438,68.897316
104.34303299999999,69.2278
104.40316800000001,69.52422
104.459694,69.814064
104.516182,70.09187
104.574173,70.37891390000001
104.632416,70.6705246
104.68897199999999,70.95213000000001
104.74501,71.17703
104.800972,71.33877559999999
104.860565,71.49687
104.91716000000001,71.55755
104.97353400000001,71.61255
105.030006,71.590126
105.08641100000001,71.53215
105.14303600000001,71.4287949
105.1999,71.30969
105.25798,71.16039
105.31613200000001,71.03939
105.372643,70.87878420000001
105.42987099999999,70.66462
105.48663300000001,70.42023
105.546043,70.18339
105.60318000000001,69.8897858
105.659973,69.58236
105.717178,69.20406
105.77410900000001,68.9057541
105.829948,68.50023
105.888916,68.18968000000001
105.9453,67.84985999999999
106.00193,67.62347
106.060616,67.4049
106.11733999999998,67.25289000000001
106.18145,67.10438
106.238258,67.01257
106.294624,66.90381
106.350761,66.82885
106.407265,66.72953000000001
106.462952,66.68217
106.519653,66.61126999999999
106.57605,66.56779
106.632645,66.5052261
106.68898,66.49025999999999
106.74427800000001,66.50021
106.800987,66.43171
106.85776499999999,66.3874359
106.914658,66.31567
106.971581,66.32781999999999
107.028023,66.32034
107.085022,66.3244553
107.142174,66.30941
107.19828000000001,66.3256454
107.254883,66.354454
107.31206499999999,66.41395
107.368408,66.45617
107.428375,66.44909
107.48479499999999,66.46902469999999
107.54158000000001,66.48057560000001
107.5994,66.48668
107.656296,66.44343570000001
107.71208999999999,66.49032
107.768852,66.4620056
107.82626299999998,66.43680570000001
107.882774,66.4438858
107.93905600000001,66.60587
107.99753600000001,66.77023
108.054474,66.91513
108.1117,66.99965
108.16984599999999,67.08967
108.22657,67.2259
108.28398899999999,67.49668
108.339905,67.7707
108.396736,68.0368042
108.45217099999999,68.3645
108.508728,68.7127151
108.5671,69.08062
108.624222,69.4034
108.680725,69.8594
108.73745,70.05575999999999
108.7997,70.40890999999999
108.85675,70.6580048
108.91516100000001,70.7063141
108.9721,71.05553
109.030121,71.18439479999999
109.086906,71.40722
109.14254,71.56877
109.198578,71.69996
109.255173,71.9311447
109.313927,72.11099
109.37364199999999,72.29026
109.432877,72.36691
109.490417,72.3636551
109.54991899999999,72.25961
109.60726899999999,72.12309
109.66688500000001,72.00664520000001
109.72421299999999,71.82389
109.784805,71.63039
109.84355900000001,71.50410459999999
109.90183999999999,71.33948000000001
109.96116599999999,71.1679459
110.018974,71.07715
110.078979,70.95464
110.136009,70.8416443
110.195328,70.71919
110.2527,70.62263
110.311676,70.44884
110.368591,70.26923000000001
110.430191,69.95891999999999
110.493141,69.69702
110.552223,69.40723
110.618958,68.83259
110.6788,68.84559
110.734894,68.55914
110.79117600000001,68.32287600000001
110.84830500000001,68.36372
110.909233,68.13521
110.96572900000001,68.10483
111.022148,68.01339
111.07888,67.98406999999999
111.138084,67.87706
111.196274,67.74173
111.252724,67.63013000000001
111.311935,67.53002
111.373077,67.4125748
111.430916,67.3784
111.487381,67.22823000000001
111.54425,67.1362152
111.60128799999998,66.96070999999999
111.657211,66.90238000000001
111.72188600000001,66.85367579999999
111.779472,66.84172
111.835945,66.80456
111.892944,66.79361
111.951927,66.83187
112.00901,66.85750999999999
112.06555900000001,66.89792
112.12791399999999,66.94321
112.185616,67.06831
112.24205,67.19523000000001
112.29893500000001,67.3830261
112.357124,67.52468
112.414612,67.86551
112.474304,68.1121445
112.53213500000001,68.4212646
112.589615,68.6754
112.64681200000001,69.0397
112.7047,69.3959
112.762772,69.76106
112.819374,70.06966
112.875252,70.40215
112.932083,70.7608643
112.987885,71.19286
113.04632600000001,71.50575
113.103218,71.8451843
113.160271,72.14205
113.21698799999999,72.3243942
113.2759,72.49606
113.332283,72.64341
113.3893,72.70208000000001
113.447571,72.6694
113.505486,72.61625
113.56313300000001,72.5659561
113.620079,72.4573441
113.67997,72.29306
113.77076000000001,72.09557
113.826935,71.8839
113.88401,71.64057
